SSL pretraining | backbone=efficientnet_b3 | method=mocov2 | epochs=50
Configs: ['configs/default.yaml', 'configs/ssl_pretrain.yaml', 'configs/_win_local.yaml', 'configs/ssl_continual_v4_0.yaml', 'configs/ssl_continual_v4_0_eff.yaml']
  Disjointness OK — SSL=53576 (26788 patients) vs train=35126 (17563 patients)
  Corpus images: 53576
  Device=cuda | AMP=False | feature_dim=1536
  [ep 0 step 0] loss=5.8218 feat_std=0.0219 lr=0.00000 m=0.99600
  [ep 0 step 50] loss=7.0450 feat_std=0.0217 lr=0.00000 m=0.99600
  [ep 0 step 100] loss=7.4375 feat_std=0.0216 lr=0.00001 m=0.99600
  [ep 0 step 150] loss=7.9021 feat_std=0.0219 lr=0.00001 m=0.99600
  [ep 0 step 200] loss=8.1174 feat_std=0.0217 lr=0.00002 m=0.99600
  [ep 0 step 250] loss=8.3565 feat_std=0.0219 lr=0.00002 m=0.99600
  [ep 0 step 300] loss=8.3673 feat_std=0.0218 lr=0.00002 m=0.99600
  [ep 0 step 350] loss=8.2466 feat_std=0.0218 lr=0.00003 m=0.99600
  [ep 0 step 400] loss=8.4569 feat_std=0.0217 lr=0.00003 m=0.99600
  [ep 0 step 450] loss=8.2828 feat_std=0.0217 lr=0.00003 m=0.99600
  [ep 0 step 500] loss=8.2801 feat_std=0.0217 lr=0.00004 m=0.99600
  [ep 0 step 550] loss=8.4527 feat_std=0.0219 lr=0.00004 m=0.99600
  [ep 0 step 600] loss=8.2809 feat_std=0.0218 lr=0.00004 m=0.99600
  [ep 0 step 650] loss=8.3060 feat_std=0.0218 lr=0.00005 m=0.99600
  [ep 0 step 700] loss=8.1822 feat_std=0.0218 lr=0.00005 m=0.99600
  [ep 0 step 750] loss=8.2891 feat_std=0.0218 lr=0.00006 m=0.99600
  [ep 0 step 800] loss=8.1538 feat_std=0.0219 lr=0.00006 m=0.99600
  [ep 0 step 850] loss=8.1640 feat_std=0.0219 lr=0.00006 m=0.99600
  [ep 0 step 900] loss=8.1894 feat_std=0.0219 lr=0.00007 m=0.99600
  [ep 0 step 950] loss=7.9882 feat_std=0.0218 lr=0.00007 m=0.99600
  [ep 0 step 1000] loss=8.1270 feat_std=0.0218 lr=0.00007 m=0.99600
  [ep 0 step 1050] loss=8.0801 feat_std=0.0219 lr=0.00008 m=0.99600
  [ep 0 step 1100] loss=8.0976 feat_std=0.0219 lr=0.00008 m=0.99600
  [ep 0 step 1150] loss=7.7930 feat_std=0.0220 lr=0.00009 m=0.99600
  [ep 0 step 1200] loss=7.6851 feat_std=0.0218 lr=0.00009 m=0.99600
  [ep 0 step 1250] loss=7.8216 feat_std=0.0220 lr=0.00009 m=0.99600
  [ep 0 step 1300] loss=7.8359 feat_std=0.0217 lr=0.00010 m=0.99600
  [ep 0 step 1350] loss=7.9506 feat_std=0.0219 lr=0.00010 m=0.99600
  [ep 0 step 1400] loss=7.8991 feat_std=0.0217 lr=0.00010 m=0.99600
  [ep 0 step 1450] loss=7.6011 feat_std=0.0219 lr=0.00011 m=0.99600
  [ep 0 step 1500] loss=7.6614 feat_std=0.0219 lr=0.00011 m=0.99600
  [ep 0 step 1550] loss=7.5532 feat_std=0.0218 lr=0.00012 m=0.99600
  [ep 0 step 1600] loss=7.5212 feat_std=0.0217 lr=0.00012 m=0.99600
  [ep 0 step 1650] loss=7.5967 feat_std=0.0217 lr=0.00012 m=0.99600
  [ep 1 step 1700] loss=7.3968 feat_std=0.0219 lr=0.00013 m=0.99600
  [ep 1 step 1750] loss=7.6350 feat_std=0.0219 lr=0.00013 m=0.99600
  [ep 1 step 1800] loss=7.7170 feat_std=0.0216 lr=0.00013 m=0.99600
  [ep 1 step 1850] loss=7.6414 feat_std=0.0219 lr=0.00014 m=0.99600
  [ep 1 step 1900] loss=7.5228 feat_std=0.0220 lr=0.00014 m=0.99601
  [ep 1 step 1950] loss=7.5445 feat_std=0.0220 lr=0.00015 m=0.99601
  [ep 1 step 2000] loss=7.2458 feat_std=0.0220 lr=0.00015 m=0.99601
  [ep 1 step 2050] loss=7.2883 feat_std=0.0217 lr=0.00015 m=0.99601
  [ep 1 step 2100] loss=7.3929 feat_std=0.0216 lr=0.00016 m=0.99601
  [ep 1 step 2150] loss=7.4226 feat_std=0.0217 lr=0.00016 m=0.99601
  [ep 1 step 2200] loss=7.5227 feat_std=0.0217 lr=0.00016 m=0.99601
  [ep 1 step 2250] loss=7.5018 feat_std=0.0217 lr=0.00017 m=0.99601
  [ep 1 step 2300] loss=7.4660 feat_std=0.0215 lr=0.00017 m=0.99601
  [ep 1 step 2350] loss=7.4551 feat_std=0.0218 lr=0.00018 m=0.99601
  [ep 1 step 2400] loss=7.4655 feat_std=0.0219 lr=0.00018 m=0.99601
  [ep 1 step 2450] loss=7.5001 feat_std=0.0220 lr=0.00018 m=0.99601
  [ep 1 step 2500] loss=7.2746 feat_std=0.0218 lr=0.00019 m=0.99601
  [ep 1 step 2550] loss=7.6946 feat_std=0.0216 lr=0.00019 m=0.99601
  [ep 1 step 2600] loss=7.2890 feat_std=0.0220 lr=0.00019 m=0.99601
  [ep 1 step 2650] loss=7.6306 feat_std=0.0219 lr=0.00020 m=0.99601
  [ep 1 step 2700] loss=7.2004 feat_std=0.0220 lr=0.00020 m=0.99601
  [ep 1 step 2750] loss=7.4021 feat_std=0.0218 lr=0.00021 m=0.99601
  [ep 1 step 2800] loss=7.2693 feat_std=0.0218 lr=0.00021 m=0.99601
  [ep 1 step 2850] loss=7.2108 feat_std=0.0217 lr=0.00021 m=0.99601
  [ep 1 step 2900] loss=7.4219 feat_std=0.0217 lr=0.00022 m=0.99601
  [ep 1 step 2950] loss=7.3401 feat_std=0.0219 lr=0.00022 m=0.99601
  [ep 1 step 3000] loss=7.2125 feat_std=0.0217 lr=0.00022 m=0.99601
  [ep 1 step 3050] loss=7.3388 feat_std=0.0220 lr=0.00023 m=0.99601
  [ep 1 step 3100] loss=7.2462 feat_std=0.0216 lr=0.00023 m=0.99601
  [ep 1 step 3150] loss=7.1921 feat_std=0.0216 lr=0.00024 m=0.99601
  [ep 1 step 3200] loss=7.0413 feat_std=0.0218 lr=0.00024 m=0.99601
  [ep 1 step 3250] loss=7.2029 feat_std=0.0216 lr=0.00024 m=0.99601
  [ep 1 step 3300] loss=7.1067 feat_std=0.0219 lr=0.00025 m=0.99602
  [ep 2 step 3350] loss=7.3814 feat_std=0.0215 lr=0.00025 m=0.99602
  [ep 2 step 3400] loss=7.2147 feat_std=0.0216 lr=0.00025 m=0.99602
  [ep 2 step 3450] loss=7.0945 feat_std=0.0217 lr=0.00026 m=0.99602
  [ep 2 step 3500] loss=7.1572 feat_std=0.0217 lr=0.00026 m=0.99602
  [ep 2 step 3550] loss=7.0322 feat_std=0.0217 lr=0.00027 m=0.99602
  [ep 2 step 3600] loss=7.1719 feat_std=0.0220 lr=0.00027 m=0.99602
  [ep 2 step 3650] loss=6.9940 feat_std=0.0218 lr=0.00027 m=0.99602
  [ep 2 step 3700] loss=7.0169 feat_std=0.0217 lr=0.00028 m=0.99602
  [ep 2 step 3750] loss=7.1040 feat_std=0.0218 lr=0.00028 m=0.99602
  [ep 2 step 3800] loss=7.0316 feat_std=0.0216 lr=0.00028 m=0.99602
  [ep 2 step 3850] loss=7.0346 feat_std=0.0219 lr=0.00029 m=0.99602
  [ep 2 step 3900] loss=7.0056 feat_std=0.0219 lr=0.00029 m=0.99602
  [ep 2 step 3950] loss=7.0044 feat_std=0.0220 lr=0.00030 m=0.99602
  [ep 2 step 4000] loss=7.1755 feat_std=0.0217 lr=0.00030 m=0.99602
  [ep 2 step 4050] loss=7.0353 feat_std=0.0216 lr=0.00030 m=0.99602
  [ep 2 step 4100] loss=6.9916 feat_std=0.0215 lr=0.00031 m=0.99602
  [ep 2 step 4150] loss=6.9171 feat_std=0.0218 lr=0.00031 m=0.99602
  [ep 2 step 4200] loss=6.8857 feat_std=0.0217 lr=0.00031 m=0.99602
  [ep 2 step 4250] loss=7.0493 feat_std=0.0217 lr=0.00032 m=0.99603
  [ep 2 step 4300] loss=6.9922 feat_std=0.0217 lr=0.00032 m=0.99603
  [ep 2 step 4350] loss=6.8846 feat_std=0.0218 lr=0.00032 m=0.99603
  [ep 2 step 4400] loss=6.7144 feat_std=0.0216 lr=0.00033 m=0.99603
  [ep 2 step 4450] loss=6.9553 feat_std=0.0219 lr=0.00033 m=0.99603
  [ep 2 step 4500] loss=6.9022 feat_std=0.0218 lr=0.00034 m=0.99603
  [ep 2 step 4550] loss=6.7815 feat_std=0.0217 lr=0.00034 m=0.99603
  [ep 2 step 4600] loss=6.9281 feat_std=0.0216 lr=0.00034 m=0.99603
  [ep 2 step 4650] loss=6.8451 feat_std=0.0217 lr=0.00035 m=0.99603
  [ep 2 step 4700] loss=6.8266 feat_std=0.0218 lr=0.00035 m=0.99603
  [ep 2 step 4750] loss=6.7970 feat_std=0.0219 lr=0.00035 m=0.99603
  [ep 2 step 4800] loss=6.7747 feat_std=0.0215 lr=0.00036 m=0.99603
  [ep 2 step 4850] loss=6.7823 feat_std=0.0217 lr=0.00036 m=0.99603
  [ep 2 step 4900] loss=6.9326 feat_std=0.0216 lr=0.00037 m=0.99603
  [ep 2 step 4950] loss=6.8017 feat_std=0.0217 lr=0.00037 m=0.99603
  [ep 2 step 5000] loss=6.5818 feat_std=0.0217 lr=0.00037 m=0.99604
  [ep 3 step 5050] loss=6.7092 feat_std=0.0217 lr=0.00037 m=0.99604
  [ep 3 step 5100] loss=6.6718 feat_std=0.0217 lr=0.00037 m=0.99604
  [ep 3 step 5150] loss=6.7698 feat_std=0.0218 lr=0.00037 m=0.99604
  [ep 3 step 5200] loss=6.4394 feat_std=0.0221 lr=0.00037 m=0.99604
  [ep 3 step 5250] loss=6.5584 feat_std=0.0217 lr=0.00037 m=0.99604
  [ep 3 step 5300] loss=6.5504 feat_std=0.0216 lr=0.00037 m=0.99604
  [ep 3 step 5350] loss=6.6223 feat_std=0.0217 lr=0.00037 m=0.99604
  [ep 3 step 5400] loss=6.6071 feat_std=0.0216 lr=0.00037 m=0.99604
  [ep 3 step 5450] loss=6.4779 feat_std=0.0220 lr=0.00037 m=0.99604
  [ep 3 step 5500] loss=6.5116 feat_std=0.0216 lr=0.00037 m=0.99604
  [ep 3 step 5550] loss=6.6030 feat_std=0.0218 lr=0.00037 m=0.99604
  [ep 3 step 5600] loss=6.5846 feat_std=0.0218 lr=0.00037 m=0.99604
  [ep 3 step 5650] loss=6.5501 feat_std=0.0217 lr=0.00037 m=0.99604
  [ep 3 step 5700] loss=6.5363 feat_std=0.0220 lr=0.00037 m=0.99605
  [ep 3 step 5750] loss=6.3724 feat_std=0.0221 lr=0.00037 m=0.99605
  [ep 3 step 5800] loss=6.4431 feat_std=0.0218 lr=0.00037 m=0.99605
  [ep 3 step 5850] loss=6.5698 feat_std=0.0217 lr=0.00037 m=0.99605
  [ep 3 step 5900] loss=6.2940 feat_std=0.0216 lr=0.00037 m=0.99605
  [ep 3 step 5950] loss=6.3383 feat_std=0.0218 lr=0.00037 m=0.99605
  [ep 3 step 6000] loss=6.4993 feat_std=0.0216 lr=0.00037 m=0.99605
  [ep 3 step 6050] loss=6.5350 feat_std=0.0218 lr=0.00037 m=0.99605
  [ep 3 step 6100] loss=6.2827 feat_std=0.0217 lr=0.00037 m=0.99605
  [ep 3 step 6150] loss=6.3904 feat_std=0.0216 lr=0.00037 m=0.99605
  [ep 3 step 6200] loss=6.4297 feat_std=0.0218 lr=0.00037 m=0.99605
  [ep 3 step 6250] loss=6.3983 feat_std=0.0216 lr=0.00037 m=0.99605
  [ep 3 step 6300] loss=6.2862 feat_std=0.0217 lr=0.00037 m=0.99606
  [ep 3 step 6350] loss=6.3974 feat_std=0.0214 lr=0.00037 m=0.99606
  [ep 3 step 6400] loss=6.3144 feat_std=0.0217 lr=0.00037 m=0.99606
  [ep 3 step 6450] loss=6.2830 feat_std=0.0216 lr=0.00037 m=0.99606
  [ep 3 step 6500] loss=6.3437 feat_std=0.0217 lr=0.00037 m=0.99606
  [ep 3 step 6550] loss=6.1348 feat_std=0.0217 lr=0.00037 m=0.99606
  [ep 3 step 6600] loss=6.4663 feat_std=0.0217 lr=0.00037 m=0.99606
  [ep 3 step 6650] loss=6.4242 feat_std=0.0215 lr=0.00037 m=0.99606
  [ep 4 step 6700] loss=6.4518 feat_std=0.0217 lr=0.00037 m=0.99606
  [ep 4 step 6750] loss=6.2263 feat_std=0.0217 lr=0.00037 m=0.99606
  [ep 4 step 6800] loss=6.3134 feat_std=0.0217 lr=0.00037 m=0.99606
  [ep 4 step 6850] loss=6.3808 feat_std=0.0217 lr=0.00037 m=0.99607
  [ep 4 step 6900] loss=6.1150 feat_std=0.0217 lr=0.00037 m=0.99607
  [ep 4 step 6950] loss=6.1719 feat_std=0.0217 lr=0.00037 m=0.99607
  [ep 4 step 7000] loss=6.1334 feat_std=0.0218 lr=0.00037 m=0.99607
  [ep 4 step 7050] loss=6.1559 feat_std=0.0217 lr=0.00037 m=0.99607
  [ep 4 step 7100] loss=6.1448 feat_std=0.0217 lr=0.00037 m=0.99607
  [ep 4 step 7150] loss=6.2238 feat_std=0.0218 lr=0.00037 m=0.99607
  [ep 4 step 7200] loss=6.2360 feat_std=0.0219 lr=0.00037 m=0.99607
  [ep 4 step 7250] loss=6.0361 feat_std=0.0215 lr=0.00037 m=0.99607
  [ep 4 step 7300] loss=6.0796 feat_std=0.0216 lr=0.00037 m=0.99607
  [ep 4 step 7350] loss=6.1512 feat_std=0.0216 lr=0.00037 m=0.99608
  [ep 4 step 7400] loss=6.2561 feat_std=0.0217 lr=0.00037 m=0.99608
  [ep 4 step 7450] loss=6.2824 feat_std=0.0219 lr=0.00037 m=0.99608
  [ep 4 step 7500] loss=6.1558 feat_std=0.0216 lr=0.00037 m=0.99608
  [ep 4 step 7550] loss=6.0354 feat_std=0.0218 lr=0.00037 m=0.99608
  [ep 4 step 7600] loss=6.1519 feat_std=0.0218 lr=0.00037 m=0.99608
  [ep 4 step 7650] loss=6.0408 feat_std=0.0218 lr=0.00037 m=0.99608
  [ep 4 step 7700] loss=6.1114 feat_std=0.0215 lr=0.00037 m=0.99608
  [ep 4 step 7750] loss=6.0373 feat_std=0.0218 lr=0.00037 m=0.99608
  [ep 4 step 7800] loss=6.0412 feat_std=0.0217 lr=0.00037 m=0.99609
  [ep 4 step 7850] loss=5.9706 feat_std=0.0219 lr=0.00037 m=0.99609
  [ep 4 step 7900] loss=6.0043 feat_std=0.0216 lr=0.00037 m=0.99609
  [ep 4 step 7950] loss=6.0728 feat_std=0.0216 lr=0.00037 m=0.99609
  [ep 4 step 8000] loss=6.0890 feat_std=0.0218 lr=0.00037 m=0.99609
  [ep 4 step 8050] loss=5.9478 feat_std=0.0219 lr=0.00037 m=0.99609
  [ep 4 step 8100] loss=6.3230 feat_std=0.0214 lr=0.00037 m=0.99609
  [ep 4 step 8150] loss=6.0772 feat_std=0.0217 lr=0.00037 m=0.99609
  [ep 4 step 8200] loss=6.1192 feat_std=0.0216 lr=0.00037 m=0.99609
  [ep 4 step 8250] loss=5.9065 feat_std=0.0218 lr=0.00037 m=0.99610
  [ep 4 step 8300] loss=5.9524 feat_std=0.0218 lr=0.00037 m=0.99610
  [ep 4 step 8350] loss=6.2179 feat_std=0.0215 lr=0.00037 m=0.99610
  [ep 5 step 8400] loss=5.8272 feat_std=0.0217 lr=0.00037 m=0.99610
  [ep 5 step 8450] loss=6.0281 feat_std=0.0216 lr=0.00037 m=0.99610
  [ep 5 step 8500] loss=6.0380 feat_std=0.0215 lr=0.00037 m=0.99610
  [ep 5 step 8550] loss=6.0119 feat_std=0.0215 lr=0.00037 m=0.99610
  [ep 5 step 8600] loss=5.8505 feat_std=0.0217 lr=0.00037 m=0.99610
  [ep 5 step 8650] loss=5.9290 feat_std=0.0217 lr=0.00037 m=0.99610
  [ep 5 step 8700] loss=5.9672 feat_std=0.0216 lr=0.00037 m=0.99611
  [ep 5 step 8750] loss=5.9884 feat_std=0.0218 lr=0.00037 m=0.99611
  [ep 5 step 8800] loss=5.8652 feat_std=0.0217 lr=0.00037 m=0.99611
  [ep 5 step 8850] loss=5.6923 feat_std=0.0217 lr=0.00037 m=0.99611
  [ep 5 step 8900] loss=5.9042 feat_std=0.0218 lr=0.00037 m=0.99611
  [ep 5 step 8950] loss=5.9816 feat_std=0.0216 lr=0.00037 m=0.99611
  [ep 5 step 9000] loss=5.8181 feat_std=0.0216 lr=0.00037 m=0.99611
  [ep 5 step 9050] loss=5.8376 feat_std=0.0216 lr=0.00037 m=0.99611
  [ep 5 step 9100] loss=5.8649 feat_std=0.0216 lr=0.00037 m=0.99612
  [ep 5 step 9150] loss=5.8502 feat_std=0.0216 lr=0.00037 m=0.99612
  [ep 5 step 9200] loss=6.1450 feat_std=0.0214 lr=0.00037 m=0.99612
  [ep 5 step 9250] loss=5.9612 feat_std=0.0216 lr=0.00037 m=0.99612
  [ep 5 step 9300] loss=5.8744 feat_std=0.0217 lr=0.00037 m=0.99612
  [ep 5 step 9350] loss=5.9037 feat_std=0.0216 lr=0.00037 m=0.99612
  [ep 5 step 9400] loss=5.9796 feat_std=0.0216 lr=0.00037 m=0.99612
  [ep 5 step 9450] loss=5.7985 feat_std=0.0216 lr=0.00037 m=0.99612
  [ep 5 step 9500] loss=5.6985 feat_std=0.0216 lr=0.00037 m=0.99613
  [ep 5 step 9550] loss=5.9464 feat_std=0.0216 lr=0.00037 m=0.99613
  [ep 5 step 9600] loss=5.8687 feat_std=0.0217 lr=0.00037 m=0.99613
  [ep 5 step 9650] loss=5.8721 feat_std=0.0215 lr=0.00037 m=0.99613
  [ep 5 step 9700] loss=5.9276 feat_std=0.0215 lr=0.00037 m=0.99613
  [ep 5 step 9750] loss=5.6818 feat_std=0.0219 lr=0.00037 m=0.99613
  [ep 5 step 9800] loss=5.7641 feat_std=0.0218 lr=0.00037 m=0.99613
  [ep 5 step 9850] loss=5.7224 feat_std=0.0218 lr=0.00037 m=0.99614
  [ep 5 step 9900] loss=5.9118 feat_std=0.0216 lr=0.00037 m=0.99614
  [ep 5 step 9950] loss=5.8223 feat_std=0.0217 lr=0.00037 m=0.99614
  [ep 5 step 10000] loss=5.7032 feat_std=0.0217 lr=0.00037 m=0.99614
  [ep 6 step 10050] loss=5.7013 feat_std=0.0216 lr=0.00037 m=0.99614
  [ep 6 step 10100] loss=5.6846 feat_std=0.0218 lr=0.00037 m=0.99614
  [ep 6 step 10150] loss=5.8308 feat_std=0.0216 lr=0.00037 m=0.99614
  [ep 6 step 10200] loss=5.8527 feat_std=0.0215 lr=0.00037 m=0.99614
  [ep 6 step 10250] loss=5.6798 feat_std=0.0217 lr=0.00037 m=0.99615
  [ep 6 step 10300] loss=5.8177 feat_std=0.0215 lr=0.00037 m=0.99615
  [ep 6 step 10350] loss=5.5802 feat_std=0.0216 lr=0.00037 m=0.99615
  [ep 6 step 10400] loss=5.8393 feat_std=0.0218 lr=0.00037 m=0.99615
  [ep 6 step 10450] loss=5.7364 feat_std=0.0217 lr=0.00037 m=0.99615
  [ep 6 step 10500] loss=5.7519 feat_std=0.0216 lr=0.00037 m=0.99615
  [ep 6 step 10550] loss=5.7265 feat_std=0.0216 lr=0.00037 m=0.99615
  [ep 6 step 10600] loss=5.6699 feat_std=0.0217 lr=0.00037 m=0.99616
  [ep 6 step 10650] loss=5.5589 feat_std=0.0217 lr=0.00037 m=0.99616
  [ep 6 step 10700] loss=5.7494 feat_std=0.0215 lr=0.00037 m=0.99616
  [ep 6 step 10750] loss=5.6528 feat_std=0.0216 lr=0.00037 m=0.99616
  [ep 6 step 10800] loss=5.7406 feat_std=0.0216 lr=0.00037 m=0.99616
  [ep 6 step 10850] loss=5.6042 feat_std=0.0216 lr=0.00037 m=0.99616
  [ep 6 step 10900] loss=5.6539 feat_std=0.0216 lr=0.00037 m=0.99617
  [ep 6 step 10950] loss=5.6409 feat_std=0.0217 lr=0.00037 m=0.99617
  [ep 6 step 11000] loss=5.8553 feat_std=0.0215 lr=0.00037 m=0.99617
  [ep 6 step 11050] loss=5.6557 feat_std=0.0217 lr=0.00037 m=0.99617
  [ep 6 step 11100] loss=5.7384 feat_std=0.0215 lr=0.00037 m=0.99617
  [ep 6 step 11150] loss=5.6789 feat_std=0.0216 lr=0.00037 m=0.99617
  [ep 6 step 11200] loss=5.7534 feat_std=0.0217 lr=0.00037 m=0.99617
  [ep 6 step 11250] loss=5.5915 feat_std=0.0217 lr=0.00037 m=0.99618
  [ep 6 step 11300] loss=5.6383 feat_std=0.0218 lr=0.00037 m=0.99618
  [ep 6 step 11350] loss=5.7000 feat_std=0.0215 lr=0.00037 m=0.99618
  [ep 6 step 11400] loss=5.6596 feat_std=0.0216 lr=0.00037 m=0.99618
  [ep 6 step 11450] loss=5.7086 feat_std=0.0219 lr=0.00037 m=0.99618
  [ep 6 step 11500] loss=5.6422 feat_std=0.0217 lr=0.00037 m=0.99618
  [ep 6 step 11550] loss=5.6096 feat_std=0.0215 lr=0.00037 m=0.99619
  [ep 6 step 11600] loss=5.6146 feat_std=0.0215 lr=0.00037 m=0.99619
  [ep 6 step 11650] loss=5.4742 feat_std=0.0216 lr=0.00037 m=0.99619
  [ep 6 step 11700] loss=5.6346 feat_std=0.0215 lr=0.00037 m=0.99619
  [ep 7 step 11750] loss=5.4544 feat_std=0.0218 lr=0.00037 m=0.99619
  [ep 7 step 11800] loss=5.6231 feat_std=0.0217 lr=0.00037 m=0.99619
  [ep 7 step 11850] loss=5.6103 feat_std=0.0215 lr=0.00037 m=0.99619
  [ep 7 step 11900] loss=5.5180 feat_std=0.0216 lr=0.00037 m=0.99620
  [ep 7 step 11950] loss=5.4987 feat_std=0.0217 lr=0.00037 m=0.99620
  [ep 7 step 12000] loss=5.6483 feat_std=0.0215 lr=0.00037 m=0.99620
  [ep 7 step 12050] loss=5.4051 feat_std=0.0217 lr=0.00037 m=0.99620
  [ep 7 step 12100] loss=5.6207 feat_std=0.0216 lr=0.00037 m=0.99620
  [ep 7 step 12150] loss=5.5998 feat_std=0.0217 lr=0.00037 m=0.99620
  [ep 7 step 12200] loss=5.6792 feat_std=0.0218 lr=0.00037 m=0.99621
  [ep 7 step 12250] loss=5.5685 feat_std=0.0216 lr=0.00037 m=0.99621
  [ep 7 step 12300] loss=5.5558 feat_std=0.0217 lr=0.00037 m=0.99621
  [ep 7 step 12350] loss=5.5170 feat_std=0.0216 lr=0.00037 m=0.99621
  [ep 7 step 12400] loss=5.6650 feat_std=0.0217 lr=0.00037 m=0.99621
  [ep 7 step 12450] loss=5.5813 feat_std=0.0215 lr=0.00037 m=0.99621
  [ep 7 step 12500] loss=5.4713 feat_std=0.0216 lr=0.00037 m=0.99622
  [ep 7 step 12550] loss=5.5318 feat_std=0.0215 lr=0.00037 m=0.99622
  [ep 7 step 12600] loss=5.6556 feat_std=0.0216 lr=0.00037 m=0.99622
  [ep 7 step 12650] loss=5.6242 feat_std=0.0217 lr=0.00037 m=0.99622
  [ep 7 step 12700] loss=5.6706 feat_std=0.0217 lr=0.00037 m=0.99622
  [ep 7 step 12750] loss=5.5124 feat_std=0.0216 lr=0.00037 m=0.99622
  [ep 7 step 12800] loss=5.4556 feat_std=0.0217 lr=0.00037 m=0.99623
  [ep 7 step 12850] loss=5.5752 feat_std=0.0215 lr=0.00037 m=0.99623
  [ep 7 step 12900] loss=5.4917 feat_std=0.0218 lr=0.00037 m=0.99623
  [ep 7 step 12950] loss=5.4936 feat_std=0.0217 lr=0.00037 m=0.99623
  [ep 7 step 13000] loss=5.4566 feat_std=0.0217 lr=0.00037 m=0.99623
  [ep 7 step 13050] loss=5.5201 feat_std=0.0216 lr=0.00037 m=0.99624
  [ep 7 step 13100] loss=5.5053 feat_std=0.0216 lr=0.00037 m=0.99624
  [ep 7 step 13150] loss=5.5273 feat_std=0.0218 lr=0.00037 m=0.99624
  [ep 7 step 13200] loss=5.4393 feat_std=0.0216 lr=0.00037 m=0.99624
  [ep 7 step 13250] loss=5.5081 feat_std=0.0216 lr=0.00036 m=0.99624
  [ep 7 step 13300] loss=5.3677 feat_std=0.0216 lr=0.00036 m=0.99624
  [ep 7 step 13350] loss=5.4781 feat_std=0.0216 lr=0.00036 m=0.99625
  [ep 8 step 13400] loss=5.4441 feat_std=0.0214 lr=0.00036 m=0.99625
  [ep 8 step 13450] loss=5.6363 feat_std=0.0216 lr=0.00036 m=0.99625
  [ep 8 step 13500] loss=5.5326 feat_std=0.0215 lr=0.00036 m=0.99625
  [ep 8 step 13550] loss=5.4670 feat_std=0.0217 lr=0.00036 m=0.99625
  [ep 8 step 13600] loss=5.4071 feat_std=0.0216 lr=0.00036 m=0.99625
  [ep 8 step 13650] loss=5.3940 feat_std=0.0216 lr=0.00036 m=0.99626
  [ep 8 step 13700] loss=5.5441 feat_std=0.0215 lr=0.00036 m=0.99626
  [ep 8 step 13750] loss=5.4364 feat_std=0.0216 lr=0.00036 m=0.99626
  [ep 8 step 13800] loss=5.3651 feat_std=0.0217 lr=0.00036 m=0.99626
  [ep 8 step 13850] loss=5.5823 feat_std=0.0218 lr=0.00036 m=0.99626
  [ep 8 step 13900] loss=5.3762 feat_std=0.0217 lr=0.00036 m=0.99627
  [ep 8 step 13950] loss=5.4315 feat_std=0.0216 lr=0.00036 m=0.99627
  [ep 8 step 14000] loss=5.4388 feat_std=0.0215 lr=0.00036 m=0.99627
  [ep 8 step 14050] loss=5.4688 feat_std=0.0217 lr=0.00036 m=0.99627
  [ep 8 step 14100] loss=5.4157 feat_std=0.0218 lr=0.00036 m=0.99627
  [ep 8 step 14150] loss=5.4187 feat_std=0.0216 lr=0.00036 m=0.99628
  [ep 8 step 14200] loss=5.5521 feat_std=0.0216 lr=0.00036 m=0.99628
  [ep 8 step 14250] loss=5.4621 feat_std=0.0214 lr=0.00036 m=0.99628
  [ep 8 step 14300] loss=5.4172 feat_std=0.0216 lr=0.00036 m=0.99628
  [ep 8 step 14350] loss=5.5367 feat_std=0.0215 lr=0.00036 m=0.99628
  [ep 8 step 14400] loss=5.3560 feat_std=0.0216 lr=0.00036 m=0.99629
  [ep 8 step 14450] loss=5.5645 feat_std=0.0215 lr=0.00036 m=0.99629
  [ep 8 step 14500] loss=5.3746 feat_std=0.0217 lr=0.00036 m=0.99629
  [ep 8 step 14550] loss=5.4642 feat_std=0.0215 lr=0.00036 m=0.99629
  [ep 8 step 14600] loss=5.3564 feat_std=0.0215 lr=0.00036 m=0.99629
  [ep 8 step 14650] loss=5.4179 feat_std=0.0216 lr=0.00036 m=0.99629
  [ep 8 step 14700] loss=5.4303 feat_std=0.0219 lr=0.00036 m=0.99630
  [ep 8 step 14750] loss=5.3019 feat_std=0.0216 lr=0.00036 m=0.99630
  [ep 8 step 14800] loss=5.4081 feat_std=0.0216 lr=0.00036 m=0.99630
  [ep 8 step 14850] loss=5.3936 feat_std=0.0214 lr=0.00036 m=0.99630
  [ep 8 step 14900] loss=5.3612 feat_std=0.0216 lr=0.00036 m=0.99630
  [ep 8 step 14950] loss=5.4185 feat_std=0.0216 lr=0.00036 m=0.99631
  [ep 8 step 15000] loss=5.2608 feat_std=0.0217 lr=0.00036 m=0.99631
  [ep 8 step 15050] loss=5.3407 feat_std=0.0217 lr=0.00036 m=0.99631
  [ep 9 step 15100] loss=5.3247 feat_std=0.0217 lr=0.00036 m=0.99631
  [ep 9 step 15150] loss=5.4273 feat_std=0.0214 lr=0.00036 m=0.99631
  [ep 9 step 15200] loss=5.4457 feat_std=0.0216 lr=0.00036 m=0.99632
  [ep 9 step 15250] loss=5.3353 feat_std=0.0216 lr=0.00036 m=0.99632
  [ep 9 step 15300] loss=5.3591 feat_std=0.0217 lr=0.00036 m=0.99632
  [ep 9 step 15350] loss=5.5562 feat_std=0.0215 lr=0.00036 m=0.99632
  [ep 9 step 15400] loss=5.3825 feat_std=0.0217 lr=0.00036 m=0.99632
  [ep 9 step 15450] loss=5.5132 feat_std=0.0217 lr=0.00036 m=0.99633
  [ep 9 step 15500] loss=5.3200 feat_std=0.0218 lr=0.00036 m=0.99633
  [ep 9 step 15550] loss=5.3526 feat_std=0.0215 lr=0.00036 m=0.99633
  [ep 9 step 15600] loss=5.2992 feat_std=0.0216 lr=0.00036 m=0.99633
  [ep 9 step 15650] loss=5.4667 feat_std=0.0215 lr=0.00036 m=0.99634
  [ep 9 step 15700] loss=5.3615 feat_std=0.0216 lr=0.00036 m=0.99634
  [ep 9 step 15750] loss=5.3469 feat_std=0.0217 lr=0.00036 m=0.99634
  [ep 9 step 15800] loss=5.3447 feat_std=0.0215 lr=0.00036 m=0.99634
  [ep 9 step 15850] loss=5.3923 feat_std=0.0217 lr=0.00036 m=0.99634
  [ep 9 step 15900] loss=5.2986 feat_std=0.0217 lr=0.00036 m=0.99635
  [ep 9 step 15950] loss=5.3735 feat_std=0.0216 lr=0.00036 m=0.99635
  [ep 9 step 16000] loss=5.3348 feat_std=0.0216 lr=0.00036 m=0.99635
  [ep 9 step 16050] loss=5.3388 feat_std=0.0216 lr=0.00036 m=0.99635
  [ep 9 step 16100] loss=5.3056 feat_std=0.0217 lr=0.00036 m=0.99635
  [ep 9 step 16150] loss=5.3337 feat_std=0.0218 lr=0.00036 m=0.99636
  [ep 9 step 16200] loss=5.3151 feat_std=0.0215 lr=0.00036 m=0.99636
  [ep 9 step 16250] loss=5.3458 feat_std=0.0219 lr=0.00036 m=0.99636
  [ep 9 step 16300] loss=5.3859 feat_std=0.0216 lr=0.00036 m=0.99636
  [ep 9 step 16350] loss=5.2824 feat_std=0.0216 lr=0.00036 m=0.99636
  [ep 9 step 16400] loss=5.2822 feat_std=0.0217 lr=0.00036 m=0.99637
  [ep 9 step 16450] loss=5.2658 feat_std=0.0217 lr=0.00036 m=0.99637
  [ep 9 step 16500] loss=5.3329 feat_std=0.0217 lr=0.00036 m=0.99637
  [ep 9 step 16550] loss=5.2753 feat_std=0.0217 lr=0.00036 m=0.99637
  [ep 9 step 16600] loss=5.2877 feat_std=0.0217 lr=0.00036 m=0.99638
  [ep 9 step 16650] loss=5.3312 feat_std=0.0218 lr=0.00036 m=0.99638
  [ep 9 step 16700] loss=5.3619 feat_std=0.0218 lr=0.00035 m=0.99638
  [ep 10 step 16750] loss=5.2964 feat_std=0.0215 lr=0.00035 m=0.99638
  [ep 10 step 16800] loss=5.3071 feat_std=0.0216 lr=0.00035 m=0.99638
  [ep 10 step 16850] loss=5.3563 feat_std=0.0216 lr=0.00035 m=0.99639
  [ep 10 step 16900] loss=5.2885 feat_std=0.0220 lr=0.00035 m=0.99639
  [ep 10 step 16950] loss=5.2586 feat_std=0.0216 lr=0.00035 m=0.99639
  [ep 10 step 17000] loss=5.2037 feat_std=0.0217 lr=0.00035 m=0.99639
  [ep 10 step 17050] loss=5.2439 feat_std=0.0216 lr=0.00035 m=0.99640
  [ep 10 step 17100] loss=5.3312 feat_std=0.0214 lr=0.00035 m=0.99640
  [ep 10 step 17150] loss=5.1609 feat_std=0.0216 lr=0.00035 m=0.99640
  [ep 10 step 17200] loss=5.2148 feat_std=0.0217 lr=0.00035 m=0.99640
  [ep 10 step 17250] loss=5.2703 feat_std=0.0218 lr=0.00035 m=0.99640
  [ep 10 step 17300] loss=5.2707 feat_std=0.0215 lr=0.00035 m=0.99641
  [ep 10 step 17350] loss=5.2217 feat_std=0.0217 lr=0.00035 m=0.99641
  [ep 10 step 17400] loss=5.2978 feat_std=0.0219 lr=0.00035 m=0.99641
  [ep 10 step 17450] loss=5.2837 feat_std=0.0218 lr=0.00035 m=0.99641
  [ep 10 step 17500] loss=5.2732 feat_std=0.0216 lr=0.00035 m=0.99642
  [ep 10 step 17550] loss=5.2520 feat_std=0.0219 lr=0.00035 m=0.99642
  [ep 10 step 17600] loss=5.3106 feat_std=0.0218 lr=0.00035 m=0.99642
  [ep 10 step 17650] loss=5.2224 feat_std=0.0218 lr=0.00035 m=0.99642
  [ep 10 step 17700] loss=5.2163 feat_std=0.0217 lr=0.00035 m=0.99643
  [ep 10 step 17750] loss=5.1767 feat_std=0.0218 lr=0.00035 m=0.99643
  [ep 10 step 17800] loss=5.1632 feat_std=0.0219 lr=0.00035 m=0.99643
  [ep 10 step 17850] loss=5.3144 feat_std=0.0216 lr=0.00035 m=0.99643
  [ep 10 step 17900] loss=5.1886 feat_std=0.0219 lr=0.00035 m=0.99643
  [ep 10 step 17950] loss=5.2571 feat_std=0.0215 lr=0.00035 m=0.99644
  [ep 10 step 18000] loss=5.1644 feat_std=0.0217 lr=0.00035 m=0.99644
  [ep 10 step 18050] loss=5.2947 feat_std=0.0216 lr=0.00035 m=0.99644
  [ep 10 step 18100] loss=5.1981 feat_std=0.0218 lr=0.00035 m=0.99644
  [ep 10 step 18150] loss=5.3354 feat_std=0.0215 lr=0.00035 m=0.99645
  [ep 10 step 18200] loss=5.2492 feat_std=0.0216 lr=0.00035 m=0.99645
  [ep 10 step 18250] loss=5.2538 feat_std=0.0217 lr=0.00035 m=0.99645
  [ep 10 step 18300] loss=5.3233 feat_std=0.0216 lr=0.00035 m=0.99645
  [ep 10 step 18350] loss=5.1516 feat_std=0.0217 lr=0.00035 m=0.99646
  [ep 10 step 18400] loss=5.2340 feat_std=0.0217 lr=0.00035 m=0.99646
  [ep 11 step 18450] loss=5.2894 feat_std=0.0215 lr=0.00035 m=0.99646
  [ep 11 step 18500] loss=5.2786 feat_std=0.0216 lr=0.00035 m=0.99646
  [ep 11 step 18550] loss=5.1710 feat_std=0.0217 lr=0.00035 m=0.99647
  [ep 11 step 18600] loss=5.2813 feat_std=0.0218 lr=0.00035 m=0.99647
  [ep 11 step 18650] loss=5.1908 feat_std=0.0219 lr=0.00035 m=0.99647
  [ep 11 step 18700] loss=5.1516 feat_std=0.0219 lr=0.00035 m=0.99647
  [ep 11 step 18750] loss=5.1707 feat_std=0.0219 lr=0.00035 m=0.99648
  [ep 11 step 18800] loss=5.2591 feat_std=0.0218 lr=0.00035 m=0.99648
  [ep 11 step 18850] loss=5.2408 feat_std=0.0219 lr=0.00035 m=0.99648
  [ep 11 step 18900] loss=5.1192 feat_std=0.0217 lr=0.00035 m=0.99648
  [ep 11 step 18950] loss=5.2161 feat_std=0.0219 lr=0.00035 m=0.99648
  [ep 11 step 19000] loss=5.2429 feat_std=0.0215 lr=0.00035 m=0.99649
  [ep 11 step 19050] loss=5.1676 feat_std=0.0218 lr=0.00035 m=0.99649
  [ep 11 step 19100] loss=5.1830 feat_std=0.0217 lr=0.00035 m=0.99649
  [ep 11 step 19150] loss=5.2593 feat_std=0.0215 lr=0.00035 m=0.99649
  [ep 11 step 19200] loss=5.2716 feat_std=0.0217 lr=0.00035 m=0.99650
  [ep 11 step 19250] loss=5.2057 feat_std=0.0216 lr=0.00035 m=0.99650
  [ep 11 step 19300] loss=5.3138 feat_std=0.0217 lr=0.00035 m=0.99650
  [ep 11 step 19350] loss=5.1927 feat_std=0.0217 lr=0.00035 m=0.99650
  [ep 11 step 19400] loss=5.2390 feat_std=0.0216 lr=0.00034 m=0.99651
  [ep 11 step 19450] loss=5.1866 feat_std=0.0219 lr=0.00034 m=0.99651
  [ep 11 step 19500] loss=5.2522 feat_std=0.0216 lr=0.00034 m=0.99651
  [ep 11 step 19550] loss=5.1773 feat_std=0.0218 lr=0.00034 m=0.99651
  [ep 11 step 19600] loss=5.2560 feat_std=0.0217 lr=0.00034 m=0.99652
  [ep 11 step 19650] loss=5.1690 feat_std=0.0217 lr=0.00034 m=0.99652
  [ep 11 step 19700] loss=5.1233 feat_std=0.0216 lr=0.00034 m=0.99652
  [ep 11 step 19750] loss=5.2219 feat_std=0.0217 lr=0.00034 m=0.99652
  [ep 11 step 19800] loss=5.1955 feat_std=0.0217 lr=0.00034 m=0.99653
  [ep 11 step 19850] loss=5.2844 feat_std=0.0217 lr=0.00034 m=0.99653
  [ep 11 step 19900] loss=5.1513 feat_std=0.0217 lr=0.00034 m=0.99653
  [ep 11 step 19950] loss=5.1795 feat_std=0.0216 lr=0.00034 m=0.99653
  [ep 11 step 20000] loss=5.1776 feat_std=0.0217 lr=0.00034 m=0.99654
  [ep 11 step 20050] loss=5.1961 feat_std=0.0218 lr=0.00034 m=0.99654
  [ep 12 step 20100] loss=5.2289 feat_std=0.0218 lr=0.00034 m=0.99654
  [ep 12 step 20150] loss=5.1208 feat_std=0.0216 lr=0.00034 m=0.99655
  [ep 12 step 20200] loss=5.1301 feat_std=0.0219 lr=0.00034 m=0.99655
  [ep 12 step 20250] loss=5.1425 feat_std=0.0218 lr=0.00034 m=0.99655
  [ep 12 step 20300] loss=5.0958 feat_std=0.0218 lr=0.00034 m=0.99655
  [ep 12 step 20350] loss=5.1621 feat_std=0.0219 lr=0.00034 m=0.99656
  [ep 12 step 20400] loss=5.0862 feat_std=0.0217 lr=0.00034 m=0.99656
  [ep 12 step 20450] loss=5.1684 feat_std=0.0217 lr=0.00034 m=0.99656
  [ep 12 step 20500] loss=5.1163 feat_std=0.0218 lr=0.00034 m=0.99656
  [ep 12 step 20550] loss=5.1360 feat_std=0.0218 lr=0.00034 m=0.99657
  [ep 12 step 20600] loss=5.0805 feat_std=0.0218 lr=0.00034 m=0.99657
  [ep 12 step 20650] loss=5.1103 feat_std=0.0216 lr=0.00034 m=0.99657
  [ep 12 step 20700] loss=5.1266 feat_std=0.0219 lr=0.00034 m=0.99657
  [ep 12 step 20750] loss=5.1655 feat_std=0.0214 lr=0.00034 m=0.99658
  [ep 12 step 20800] loss=5.0937 feat_std=0.0218 lr=0.00034 m=0.99658
  [ep 12 step 20850] loss=5.1873 feat_std=0.0217 lr=0.00034 m=0.99658
  [ep 12 step 20900] loss=5.1169 feat_std=0.0218 lr=0.00034 m=0.99658
  [ep 12 step 20950] loss=5.0799 feat_std=0.0218 lr=0.00034 m=0.99659
  [ep 12 step 21000] loss=5.1148 feat_std=0.0219 lr=0.00034 m=0.99659
  [ep 12 step 21050] loss=5.1216 feat_std=0.0220 lr=0.00034 m=0.99659
  [ep 12 step 21100] loss=5.0951 feat_std=0.0216 lr=0.00034 m=0.99660
  [ep 12 step 21150] loss=5.1329 feat_std=0.0219 lr=0.00034 m=0.99660
  [ep 12 step 21200] loss=5.2417 feat_std=0.0216 lr=0.00034 m=0.99660
  [ep 12 step 21250] loss=5.0799 feat_std=0.0219 lr=0.00034 m=0.99660
  [ep 12 step 21300] loss=5.1754 feat_std=0.0218 lr=0.00034 m=0.99661
  [ep 12 step 21350] loss=5.0592 feat_std=0.0219 lr=0.00034 m=0.99661
  [ep 12 step 21400] loss=5.1492 feat_std=0.0216 lr=0.00034 m=0.99661
  [ep 12 step 21450] loss=5.1551 feat_std=0.0217 lr=0.00034 m=0.99661
  [ep 12 step 21500] loss=5.1189 feat_std=0.0215 lr=0.00034 m=0.99662
  [ep 12 step 21550] loss=5.1388 feat_std=0.0219 lr=0.00034 m=0.99662
  [ep 12 step 21600] loss=5.0714 feat_std=0.0220 lr=0.00034 m=0.99662
  [ep 12 step 21650] loss=5.1524 feat_std=0.0217 lr=0.00034 m=0.99662
  [ep 12 step 21700] loss=5.1831 feat_std=0.0215 lr=0.00033 m=0.99663
  [ep 12 step 21750] loss=5.1114 feat_std=0.0219 lr=0.00033 m=0.99663
  [ep 13 step 21800] loss=5.1428 feat_std=0.0217 lr=0.00033 m=0.99663
  [ep 13 step 21850] loss=5.1403 feat_std=0.0217 lr=0.00033 m=0.99664
  [ep 13 step 21900] loss=5.0441 feat_std=0.0219 lr=0.00033 m=0.99664
  [ep 13 step 21950] loss=5.1227 feat_std=0.0217 lr=0.00033 m=0.99664
  [ep 13 step 22000] loss=5.1378 feat_std=0.0220 lr=0.00033 m=0.99664
  [ep 13 step 22050] loss=5.1479 feat_std=0.0218 lr=0.00033 m=0.99665
  [ep 13 step 22100] loss=5.1928 feat_std=0.0218 lr=0.00033 m=0.99665
  [ep 13 step 22150] loss=5.0317 feat_std=0.0217 lr=0.00033 m=0.99665
  [ep 13 step 22200] loss=5.0305 feat_std=0.0218 lr=0.00033 m=0.99666
  [ep 13 step 22250] loss=5.1223 feat_std=0.0215 lr=0.00033 m=0.99666
  [ep 13 step 22300] loss=5.0310 feat_std=0.0217 lr=0.00033 m=0.99666
  [ep 13 step 22350] loss=5.0330 feat_std=0.0218 lr=0.00033 m=0.99666
  [ep 13 step 22400] loss=5.1872 feat_std=0.0220 lr=0.00033 m=0.99667
  [ep 13 step 22450] loss=5.1366 feat_std=0.0219 lr=0.00033 m=0.99667
  [ep 13 step 22500] loss=5.1300 feat_std=0.0217 lr=0.00033 m=0.99667
  [ep 13 step 22550] loss=5.0826 feat_std=0.0217 lr=0.00033 m=0.99667
  [ep 13 step 22600] loss=5.0407 feat_std=0.0217 lr=0.00033 m=0.99668
  [ep 13 step 22650] loss=5.1254 feat_std=0.0215 lr=0.00033 m=0.99668
  [ep 13 step 22700] loss=5.0889 feat_std=0.0217 lr=0.00033 m=0.99668
  [ep 13 step 22750] loss=5.0610 feat_std=0.0217 lr=0.00033 m=0.99669
  [ep 13 step 22800] loss=5.0899 feat_std=0.0219 lr=0.00033 m=0.99669
  [ep 13 step 22850] loss=5.0548 feat_std=0.0217 lr=0.00033 m=0.99669
  [ep 13 step 22900] loss=5.1196 feat_std=0.0217 lr=0.00033 m=0.99669
  [ep 13 step 22950] loss=5.0323 feat_std=0.0217 lr=0.00033 m=0.99670
  [ep 13 step 23000] loss=5.1655 feat_std=0.0220 lr=0.00033 m=0.99670
  [ep 13 step 23050] loss=5.1240 feat_std=0.0218 lr=0.00033 m=0.99670
  [ep 13 step 23100] loss=5.0607 feat_std=0.0215 lr=0.00033 m=0.99671
  [ep 13 step 23150] loss=5.1039 feat_std=0.0218 lr=0.00033 m=0.99671
  [ep 13 step 23200] loss=5.0773 feat_std=0.0217 lr=0.00033 m=0.99671
  [ep 13 step 23250] loss=5.0871 feat_std=0.0216 lr=0.00033 m=0.99671
  [ep 13 step 23300] loss=5.0310 feat_std=0.0220 lr=0.00033 m=0.99672
  [ep 13 step 23350] loss=4.9897 feat_std=0.0220 lr=0.00033 m=0.99672
  [ep 13 step 23400] loss=5.0383 feat_std=0.0219 lr=0.00033 m=0.99672
  [ep 14 step 23450] loss=5.1464 feat_std=0.0217 lr=0.00033 m=0.99673
  [ep 14 step 23500] loss=5.0434 feat_std=0.0217 lr=0.00033 m=0.99673
  [ep 14 step 23550] loss=5.0934 feat_std=0.0218 lr=0.00033 m=0.99673
  [ep 14 step 23600] loss=5.0072 feat_std=0.0218 lr=0.00033 m=0.99673
  [ep 14 step 23650] loss=5.0625 feat_std=0.0220 lr=0.00033 m=0.99674
  [ep 14 step 23700] loss=5.0258 feat_std=0.0218 lr=0.00033 m=0.99674
  [ep 14 step 23750] loss=5.1257 feat_std=0.0217 lr=0.00032 m=0.99674
  [ep 14 step 23800] loss=5.1362 feat_std=0.0219 lr=0.00032 m=0.99675
  [ep 14 step 23850] loss=5.0513 feat_std=0.0219 lr=0.00032 m=0.99675
  [ep 14 step 23900] loss=5.0083 feat_std=0.0218 lr=0.00032 m=0.99675
  [ep 14 step 23950] loss=5.0904 feat_std=0.0214 lr=0.00032 m=0.99676
  [ep 14 step 24000] loss=5.0986 feat_std=0.0214 lr=0.00032 m=0.99676
  [ep 14 step 24050] loss=5.0832 feat_std=0.0217 lr=0.00032 m=0.99676
  [ep 14 step 24100] loss=5.0123 feat_std=0.0218 lr=0.00032 m=0.99676
  [ep 14 step 24150] loss=5.0238 feat_std=0.0219 lr=0.00032 m=0.99677
  [ep 14 step 24200] loss=5.1344 feat_std=0.0218 lr=0.00032 m=0.99677
  [ep 14 step 24250] loss=5.0306 feat_std=0.0218 lr=0.00032 m=0.99677
  [ep 14 step 24300] loss=5.0569 feat_std=0.0219 lr=0.00032 m=0.99678
  [ep 14 step 24350] loss=5.0516 feat_std=0.0219 lr=0.00032 m=0.99678
  [ep 14 step 24400] loss=5.0671 feat_std=0.0216 lr=0.00032 m=0.99678
  [ep 14 step 24450] loss=5.0461 feat_std=0.0217 lr=0.00032 m=0.99678
  [ep 14 step 24500] loss=5.0938 feat_std=0.0218 lr=0.00032 m=0.99679
  [ep 14 step 24550] loss=5.0352 feat_std=0.0216 lr=0.00032 m=0.99679
  [ep 14 step 24600] loss=5.0813 feat_std=0.0217 lr=0.00032 m=0.99679
  [ep 14 step 24650] loss=4.9704 feat_std=0.0217 lr=0.00032 m=0.99680
  [ep 14 step 24700] loss=5.0789 feat_std=0.0219 lr=0.00032 m=0.99680
  [ep 14 step 24750] loss=5.0867 feat_std=0.0217 lr=0.00032 m=0.99680
  [ep 14 step 24800] loss=4.9811 feat_std=0.0218 lr=0.00032 m=0.99681
  [ep 14 step 24850] loss=5.0668 feat_std=0.0219 lr=0.00032 m=0.99681
  [ep 14 step 24900] loss=4.9442 feat_std=0.0220 lr=0.00032 m=0.99681
  [ep 14 step 24950] loss=5.0144 feat_std=0.0218 lr=0.00032 m=0.99681
  [ep 14 step 25000] loss=4.9863 feat_std=0.0217 lr=0.00032 m=0.99682
  [ep 14 step 25050] loss=5.0883 feat_std=0.0218 lr=0.00032 m=0.99682
  [ep 14 step 25100] loss=5.0867 feat_std=0.0219 lr=0.00032 m=0.99682
  [ep 15 step 25150] loss=4.9636 feat_std=0.0216 lr=0.00032 m=0.99683
  [ep 15 step 25200] loss=4.9980 feat_std=0.0220 lr=0.00032 m=0.99683
  [ep 15 step 25250] loss=5.0073 feat_std=0.0219 lr=0.00032 m=0.99683
  [ep 15 step 25300] loss=5.0507 feat_std=0.0217 lr=0.00032 m=0.99684
  [ep 15 step 25350] loss=5.0370 feat_std=0.0216 lr=0.00032 m=0.99684
  [ep 15 step 25400] loss=4.9735 feat_std=0.0219 lr=0.00032 m=0.99684
  [ep 15 step 25450] loss=4.9794 feat_std=0.0219 lr=0.00032 m=0.99685
  [ep 15 step 25500] loss=4.9644 feat_std=0.0219 lr=0.00032 m=0.99685
  [ep 15 step 25550] loss=4.9738 feat_std=0.0219 lr=0.00032 m=0.99685
  [ep 15 step 25600] loss=5.0069 feat_std=0.0216 lr=0.00032 m=0.99685
  [ep 15 step 25650] loss=5.0176 feat_std=0.0216 lr=0.00031 m=0.99686
  [ep 15 step 25700] loss=5.0498 feat_std=0.0218 lr=0.00031 m=0.99686
  [ep 15 step 25750] loss=4.9594 feat_std=0.0217 lr=0.00031 m=0.99686
  [ep 15 step 25800] loss=4.9805 feat_std=0.0218 lr=0.00031 m=0.99687
  [ep 15 step 25850] loss=4.9870 feat_std=0.0218 lr=0.00031 m=0.99687
  [ep 15 step 25900] loss=4.9464 feat_std=0.0217 lr=0.00031 m=0.99687
  [ep 15 step 25950] loss=5.0616 feat_std=0.0218 lr=0.00031 m=0.99688
  [ep 15 step 26000] loss=5.0192 feat_std=0.0217 lr=0.00031 m=0.99688
  [ep 15 step 26050] loss=4.9513 feat_std=0.0219 lr=0.00031 m=0.99688
  [ep 15 step 26100] loss=4.9039 feat_std=0.0219 lr=0.00031 m=0.99689
  [ep 15 step 26150] loss=5.0443 feat_std=0.0218 lr=0.00031 m=0.99689
  [ep 15 step 26200] loss=5.0489 feat_std=0.0218 lr=0.00031 m=0.99689
  [ep 15 step 26250] loss=5.0117 feat_std=0.0219 lr=0.00031 m=0.99689
  [ep 15 step 26300] loss=4.9902 feat_std=0.0220 lr=0.00031 m=0.99690
  [ep 15 step 26350] loss=4.9877 feat_std=0.0214 lr=0.00031 m=0.99690
  [ep 15 step 26400] loss=5.0076 feat_std=0.0215 lr=0.00031 m=0.99690
  [ep 15 step 26450] loss=4.9076 feat_std=0.0218 lr=0.00031 m=0.99691
  [ep 15 step 26500] loss=4.9713 feat_std=0.0218 lr=0.00031 m=0.99691
  [ep 15 step 26550] loss=5.0041 feat_std=0.0217 lr=0.00031 m=0.99691
  [ep 15 step 26600] loss=4.9755 feat_std=0.0218 lr=0.00031 m=0.99692
  [ep 15 step 26650] loss=4.9744 feat_std=0.0219 lr=0.00031 m=0.99692
  [ep 15 step 26700] loss=5.0001 feat_std=0.0216 lr=0.00031 m=0.99692
  [ep 15 step 26750] loss=5.0332 feat_std=0.0218 lr=0.00031 m=0.99693
  [ep 16 step 26800] loss=5.0495 feat_std=0.0217 lr=0.00031 m=0.99693
  [ep 16 step 26850] loss=5.0217 feat_std=0.0219 lr=0.00031 m=0.99693
  [ep 16 step 26900] loss=4.9274 feat_std=0.0219 lr=0.00031 m=0.99694
  [ep 16 step 26950] loss=5.0280 feat_std=0.0220 lr=0.00031 m=0.99694
  [ep 16 step 27000] loss=4.9581 feat_std=0.0219 lr=0.00031 m=0.99694
  [ep 16 step 27050] loss=5.0060 feat_std=0.0216 lr=0.00031 m=0.99695
  [ep 16 step 27100] loss=4.9655 feat_std=0.0217 lr=0.00031 m=0.99695
  [ep 16 step 27150] loss=4.9685 feat_std=0.0217 lr=0.00031 m=0.99695
  [ep 16 step 27200] loss=4.9146 feat_std=0.0220 lr=0.00031 m=0.99695
  [ep 16 step 27250] loss=5.0722 feat_std=0.0218 lr=0.00031 m=0.99696
  [ep 16 step 27300] loss=5.0067 feat_std=0.0219 lr=0.00031 m=0.99696
  [ep 16 step 27350] loss=5.0086 feat_std=0.0216 lr=0.00031 m=0.99696
  [ep 16 step 27400] loss=4.9957 feat_std=0.0219 lr=0.00030 m=0.99697
  [ep 16 step 27450] loss=5.0063 feat_std=0.0217 lr=0.00030 m=0.99697
  [ep 16 step 27500] loss=4.9268 feat_std=0.0217 lr=0.00030 m=0.99697
  [ep 16 step 27550] loss=4.9439 feat_std=0.0220 lr=0.00030 m=0.99698
  [ep 16 step 27600] loss=4.9961 feat_std=0.0217 lr=0.00030 m=0.99698
  [ep 16 step 27650] loss=5.0042 feat_std=0.0218 lr=0.00030 m=0.99698
  [ep 16 step 27700] loss=4.9113 feat_std=0.0220 lr=0.00030 m=0.99699
  [ep 16 step 27750] loss=5.0520 feat_std=0.0218 lr=0.00030 m=0.99699
  [ep 16 step 27800] loss=5.0447 feat_std=0.0221 lr=0.00030 m=0.99699
  [ep 16 step 27850] loss=4.9630 feat_std=0.0220 lr=0.00030 m=0.99700
  [ep 16 step 27900] loss=4.9556 feat_std=0.0217 lr=0.00030 m=0.99700
  [ep 16 step 27950] loss=5.0036 feat_std=0.0218 lr=0.00030 m=0.99700
  [ep 16 step 28000] loss=4.9840 feat_std=0.0216 lr=0.00030 m=0.99701
  [ep 16 step 28050] loss=5.0085 feat_std=0.0216 lr=0.00030 m=0.99701
  [ep 16 step 28100] loss=4.9828 feat_std=0.0218 lr=0.00030 m=0.99701
  [ep 16 step 28150] loss=4.9613 feat_std=0.0219 lr=0.00030 m=0.99702
  [ep 16 step 28200] loss=4.9710 feat_std=0.0218 lr=0.00030 m=0.99702
  [ep 16 step 28250] loss=4.9983 feat_std=0.0218 lr=0.00030 m=0.99702
  [ep 16 step 28300] loss=4.9503 feat_std=0.0219 lr=0.00030 m=0.99703
  [ep 16 step 28350] loss=4.9596 feat_std=0.0217 lr=0.00030 m=0.99703
  [ep 16 step 28400] loss=5.0247 feat_std=0.0220 lr=0.00030 m=0.99703
  [ep 16 step 28450] loss=4.9453 feat_std=0.0218 lr=0.00030 m=0.99704
  [ep 17 step 28500] loss=4.9747 feat_std=0.0219 lr=0.00030 m=0.99704
  [ep 17 step 28550] loss=4.9098 feat_std=0.0218 lr=0.00030 m=0.99704
  [ep 17 step 28600] loss=4.8965 feat_std=0.0217 lr=0.00030 m=0.99705
  [ep 17 step 28650] loss=5.0033 feat_std=0.0216 lr=0.00030 m=0.99705
  [ep 17 step 28700] loss=4.8949 feat_std=0.0220 lr=0.00030 m=0.99705
  [ep 17 step 28750] loss=4.8941 feat_std=0.0221 lr=0.00030 m=0.99706
  [ep 17 step 28800] loss=5.0242 feat_std=0.0215 lr=0.00030 m=0.99706
  [ep 17 step 28850] loss=4.9070 feat_std=0.0221 lr=0.00030 m=0.99706
  [ep 17 step 28900] loss=4.9139 feat_std=0.0217 lr=0.00030 m=0.99707
  [ep 17 step 28950] loss=4.9251 feat_std=0.0220 lr=0.00030 m=0.99707
  [ep 17 step 29000] loss=4.9677 feat_std=0.0219 lr=0.00030 m=0.99707
  [ep 17 step 29050] loss=4.9942 feat_std=0.0220 lr=0.00030 m=0.99708
  [ep 17 step 29100] loss=4.9676 feat_std=0.0217 lr=0.00029 m=0.99708
  [ep 17 step 29150] loss=4.9035 feat_std=0.0217 lr=0.00029 m=0.99708
  [ep 17 step 29200] loss=4.9306 feat_std=0.0220 lr=0.00029 m=0.99709
  [ep 17 step 29250] loss=4.9630 feat_std=0.0218 lr=0.00029 m=0.99709
  [ep 17 step 29300] loss=4.9610 feat_std=0.0219 lr=0.00029 m=0.99709
  [ep 17 step 29350] loss=4.9502 feat_std=0.0220 lr=0.00029 m=0.99710
  [ep 17 step 29400] loss=4.9544 feat_std=0.0217 lr=0.00029 m=0.99710
  [ep 17 step 29450] loss=4.9693 feat_std=0.0220 lr=0.00029 m=0.99710
  [ep 17 step 29500] loss=4.9018 feat_std=0.0219 lr=0.00029 m=0.99711
  [ep 17 step 29550] loss=4.9563 feat_std=0.0216 lr=0.00029 m=0.99711
  [ep 17 step 29600] loss=4.9354 feat_std=0.0216 lr=0.00029 m=0.99711
  [ep 17 step 29650] loss=4.9491 feat_std=0.0220 lr=0.00029 m=0.99712
  [ep 17 step 29700] loss=4.9576 feat_std=0.0216 lr=0.00029 m=0.99712
  [ep 17 step 29750] loss=4.9005 feat_std=0.0220 lr=0.00029 m=0.99712
  [ep 17 step 29800] loss=4.9105 feat_std=0.0218 lr=0.00029 m=0.99713
  [ep 17 step 29850] loss=4.9147 feat_std=0.0219 lr=0.00029 m=0.99713
  [ep 17 step 29900] loss=4.9354 feat_std=0.0219 lr=0.00029 m=0.99713
  [ep 17 step 29950] loss=4.9586 feat_std=0.0216 lr=0.00029 m=0.99714
  [ep 17 step 30000] loss=4.9319 feat_std=0.0217 lr=0.00029 m=0.99714
  [ep 17 step 30050] loss=4.9041 feat_std=0.0216 lr=0.00029 m=0.99714
  [ep 17 step 30100] loss=4.9130 feat_std=0.0216 lr=0.00029 m=0.99715
  [ep 18 step 30150] loss=4.9191 feat_std=0.0219 lr=0.00029 m=0.99715
  [ep 18 step 30200] loss=4.8827 feat_std=0.0216 lr=0.00029 m=0.99715
  [ep 18 step 30250] loss=4.9224 feat_std=0.0218 lr=0.00029 m=0.99716
  [ep 18 step 30300] loss=4.9025 feat_std=0.0218 lr=0.00029 m=0.99716
  [ep 18 step 30350] loss=5.0080 feat_std=0.0218 lr=0.00029 m=0.99716
  [ep 18 step 30400] loss=4.9421 feat_std=0.0216 lr=0.00029 m=0.99717
  [ep 18 step 30450] loss=4.9134 feat_std=0.0217 lr=0.00029 m=0.99717
  [ep 18 step 30500] loss=4.8487 feat_std=0.0220 lr=0.00029 m=0.99717
  [ep 18 step 30550] loss=4.8803 feat_std=0.0221 lr=0.00029 m=0.99718
  [ep 18 step 30600] loss=4.8856 feat_std=0.0219 lr=0.00029 m=0.99718
  [ep 18 step 30650] loss=4.9284 feat_std=0.0218 lr=0.00029 m=0.99718
  [ep 18 step 30700] loss=4.9204 feat_std=0.0217 lr=0.00028 m=0.99719
  [ep 18 step 30750] loss=4.8827 feat_std=0.0219 lr=0.00028 m=0.99719
  [ep 18 step 30800] loss=4.9705 feat_std=0.0220 lr=0.00028 m=0.99719
  [ep 18 step 30850] loss=4.9781 feat_std=0.0220 lr=0.00028 m=0.99720
  [ep 18 step 30900] loss=4.9299 feat_std=0.0218 lr=0.00028 m=0.99720
  [ep 18 step 30950] loss=4.8543 feat_std=0.0219 lr=0.00028 m=0.99720
  [ep 18 step 31000] loss=4.8437 feat_std=0.0218 lr=0.00028 m=0.99721
  [ep 18 step 31050] loss=4.8772 feat_std=0.0219 lr=0.00028 m=0.99721
  [ep 18 step 31100] loss=4.9303 feat_std=0.0219 lr=0.00028 m=0.99721
  [ep 18 step 31150] loss=4.9695 feat_std=0.0219 lr=0.00028 m=0.99722
  [ep 18 step 31200] loss=4.9008 feat_std=0.0218 lr=0.00028 m=0.99722
  [ep 18 step 31250] loss=4.8901 feat_std=0.0219 lr=0.00028 m=0.99723
  [ep 18 step 31300] loss=4.9034 feat_std=0.0221 lr=0.00028 m=0.99723
  [ep 18 step 31350] loss=4.8367 feat_std=0.0218 lr=0.00028 m=0.99723
  [ep 18 step 31400] loss=4.9121 feat_std=0.0219 lr=0.00028 m=0.99724
  [ep 18 step 31450] loss=4.8774 feat_std=0.0219 lr=0.00028 m=0.99724
  [ep 18 step 31500] loss=4.9342 feat_std=0.0219 lr=0.00028 m=0.99724
  [ep 18 step 31550] loss=4.8902 feat_std=0.0220 lr=0.00028 m=0.99725
  [ep 18 step 31600] loss=4.9516 feat_std=0.0219 lr=0.00028 m=0.99725
  [ep 18 step 31650] loss=4.8398 feat_std=0.0219 lr=0.00028 m=0.99725
  [ep 18 step 31700] loss=4.8890 feat_std=0.0218 lr=0.00028 m=0.99726
  [ep 18 step 31750] loss=4.9292 feat_std=0.0218 lr=0.00028 m=0.99726
  [ep 18 step 31800] loss=4.9291 feat_std=0.0219 lr=0.00028 m=0.99726
  [ep 19 step 31850] loss=4.9003 feat_std=0.0217 lr=0.00028 m=0.99727
  [ep 19 step 31900] loss=4.8884 feat_std=0.0218 lr=0.00028 m=0.99727
  [ep 19 step 31950] loss=4.8598 feat_std=0.0221 lr=0.00028 m=0.99727
  [ep 19 step 32000] loss=4.8176 feat_std=0.0219 lr=0.00028 m=0.99728
  [ep 19 step 32050] loss=4.9809 feat_std=0.0219 lr=0.00028 m=0.99728
  [ep 19 step 32100] loss=4.9606 feat_std=0.0219 lr=0.00028 m=0.99728
  [ep 19 step 32150] loss=4.9152 feat_std=0.0219 lr=0.00028 m=0.99729
  [ep 19 step 32200] loss=4.9309 feat_std=0.0217 lr=0.00028 m=0.99729
  [ep 19 step 32250] loss=4.8276 feat_std=0.0220 lr=0.00027 m=0.99729
  [ep 19 step 32300] loss=4.8253 feat_std=0.0219 lr=0.00027 m=0.99730
  [ep 19 step 32350] loss=4.8784 feat_std=0.0217 lr=0.00027 m=0.99730
  [ep 19 step 32400] loss=4.9170 feat_std=0.0217 lr=0.00027 m=0.99731
  [ep 19 step 32450] loss=4.9022 feat_std=0.0217 lr=0.00027 m=0.99731
  [ep 19 step 32500] loss=4.8840 feat_std=0.0217 lr=0.00027 m=0.99731
  [ep 19 step 32550] loss=4.9057 feat_std=0.0219 lr=0.00027 m=0.99732
  [ep 19 step 32600] loss=4.9483 feat_std=0.0217 lr=0.00027 m=0.99732
  [ep 19 step 32650] loss=4.9559 feat_std=0.0220 lr=0.00027 m=0.99732
  [ep 19 step 32700] loss=4.8911 feat_std=0.0219 lr=0.00027 m=0.99733
  [ep 19 step 32750] loss=4.8884 feat_std=0.0217 lr=0.00027 m=0.99733
  [ep 19 step 32800] loss=4.8995 feat_std=0.0220 lr=0.00027 m=0.99733
  [ep 19 step 32850] loss=4.8616 feat_std=0.0218 lr=0.00027 m=0.99734
  [ep 19 step 32900] loss=4.8717 feat_std=0.0217 lr=0.00027 m=0.99734
  [ep 19 step 32950] loss=4.8092 feat_std=0.0218 lr=0.00027 m=0.99734
  [ep 19 step 33000] loss=4.8447 feat_std=0.0217 lr=0.00027 m=0.99735
  [ep 19 step 33050] loss=4.8068 feat_std=0.0218 lr=0.00027 m=0.99735
  [ep 19 step 33100] loss=4.8941 feat_std=0.0218 lr=0.00027 m=0.99735
  [ep 19 step 33150] loss=4.8592 feat_std=0.0218 lr=0.00027 m=0.99736
  [ep 19 step 33200] loss=4.9058 feat_std=0.0220 lr=0.00027 m=0.99736
  [ep 19 step 33250] loss=4.9029 feat_std=0.0218 lr=0.00027 m=0.99737
  [ep 19 step 33300] loss=4.8196 feat_std=0.0220 lr=0.00027 m=0.99737
  [ep 19 step 33350] loss=4.8570 feat_std=0.0220 lr=0.00027 m=0.99737
  [ep 19 step 33400] loss=4.9434 feat_std=0.0219 lr=0.00027 m=0.99738
  [ep 19 step 33450] loss=4.8752 feat_std=0.0220 lr=0.00027 m=0.99738
  [ep 20 step 33500] loss=4.8847 feat_std=0.0220 lr=0.00027 m=0.99738
  [ep 20 step 33550] loss=4.8976 feat_std=0.0220 lr=0.00027 m=0.99739
  [ep 20 step 33600] loss=4.9749 feat_std=0.0218 lr=0.00027 m=0.99739
  [ep 20 step 33650] loss=4.8215 feat_std=0.0221 lr=0.00027 m=0.99739
  [ep 20 step 33700] loss=4.8956 feat_std=0.0218 lr=0.00026 m=0.99740
  [ep 20 step 33750] loss=4.9322 feat_std=0.0214 lr=0.00026 m=0.99740
  [ep 20 step 33800] loss=4.8207 feat_std=0.0218 lr=0.00026 m=0.99740
  [ep 20 step 33850] loss=4.8649 feat_std=0.0218 lr=0.00026 m=0.99741
  [ep 20 step 33900] loss=4.8755 feat_std=0.0219 lr=0.00026 m=0.99741
  [ep 20 step 33950] loss=4.8458 feat_std=0.0220 lr=0.00026 m=0.99742
  [ep 20 step 34000] loss=4.8961 feat_std=0.0219 lr=0.00026 m=0.99742
  [ep 20 step 34050] loss=4.8669 feat_std=0.0217 lr=0.00026 m=0.99742
  [ep 20 step 34100] loss=4.8709 feat_std=0.0219 lr=0.00026 m=0.99743
  [ep 20 step 34150] loss=4.8481 feat_std=0.0218 lr=0.00026 m=0.99743
  [ep 20 step 34200] loss=4.7972 feat_std=0.0218 lr=0.00026 m=0.99743
  [ep 20 step 34250] loss=4.8633 feat_std=0.0218 lr=0.00026 m=0.99744
  [ep 20 step 34300] loss=4.8818 feat_std=0.0221 lr=0.00026 m=0.99744
  [ep 20 step 34350] loss=4.8335 feat_std=0.0220 lr=0.00026 m=0.99744
  [ep 20 step 34400] loss=4.8687 feat_std=0.0219 lr=0.00026 m=0.99745
  [ep 20 step 34450] loss=4.8365 feat_std=0.0218 lr=0.00026 m=0.99745
  [ep 20 step 34500] loss=4.8582 feat_std=0.0219 lr=0.00026 m=0.99746
  [ep 20 step 34550] loss=4.9182 feat_std=0.0215 lr=0.00026 m=0.99746
  [ep 20 step 34600] loss=4.8462 feat_std=0.0218 lr=0.00026 m=0.99746
  [ep 20 step 34650] loss=4.8936 feat_std=0.0218 lr=0.00026 m=0.99747
  [ep 20 step 34700] loss=4.8488 feat_std=0.0218 lr=0.00026 m=0.99747
  [ep 20 step 34750] loss=4.9363 feat_std=0.0217 lr=0.00026 m=0.99747
  [ep 20 step 34800] loss=4.8675 feat_std=0.0218 lr=0.00026 m=0.99748
  [ep 20 step 34850] loss=4.8638 feat_std=0.0220 lr=0.00026 m=0.99748
  [ep 20 step 34900] loss=4.9183 feat_std=0.0218 lr=0.00026 m=0.99748
  [ep 20 step 34950] loss=4.8624 feat_std=0.0219 lr=0.00026 m=0.99749
  [ep 20 step 35000] loss=4.8906 feat_std=0.0217 lr=0.00026 m=0.99749
  [ep 20 step 35050] loss=4.8501 feat_std=0.0221 lr=0.00026 m=0.99750
  [ep 20 step 35100] loss=4.8414 feat_std=0.0217 lr=0.00026 m=0.99750
  [ep 20 step 35150] loss=4.8900 feat_std=0.0220 lr=0.00025 m=0.99750
  [ep 21 step 35200] loss=4.8220 feat_std=0.0219 lr=0.00025 m=0.99751
  [ep 21 step 35250] loss=4.8684 feat_std=0.0218 lr=0.00025 m=0.99751
  [ep 21 step 35300] loss=4.8961 feat_std=0.0218 lr=0.00025 m=0.99751
  [ep 21 step 35350] loss=4.8409 feat_std=0.0218 lr=0.00025 m=0.99752
  [ep 21 step 35400] loss=4.8603 feat_std=0.0219 lr=0.00025 m=0.99752
  [ep 21 step 35450] loss=4.8598 feat_std=0.0217 lr=0.00025 m=0.99752
  [ep 21 step 35500] loss=4.9055 feat_std=0.0220 lr=0.00025 m=0.99753
  [ep 21 step 35550] loss=4.9170 feat_std=0.0220 lr=0.00025 m=0.99753
  [ep 21 step 35600] loss=4.8206 feat_std=0.0218 lr=0.00025 m=0.99754
  [ep 21 step 35650] loss=4.8096 feat_std=0.0217 lr=0.00025 m=0.99754
  [ep 21 step 35700] loss=4.8899 feat_std=0.0216 lr=0.00025 m=0.99754
  [ep 21 step 35750] loss=4.8332 feat_std=0.0220 lr=0.00025 m=0.99755
  [ep 21 step 35800] loss=4.8361 feat_std=0.0221 lr=0.00025 m=0.99755
  [ep 21 step 35850] loss=4.8645 feat_std=0.0215 lr=0.00025 m=0.99755
  [ep 21 step 35900] loss=4.8045 feat_std=0.0218 lr=0.00025 m=0.99756
  [ep 21 step 35950] loss=4.8203 feat_std=0.0219 lr=0.00025 m=0.99756
  [ep 21 step 36000] loss=4.8281 feat_std=0.0220 lr=0.00025 m=0.99756
  [ep 21 step 36050] loss=4.8122 feat_std=0.0221 lr=0.00025 m=0.99757
  [ep 21 step 36100] loss=4.8562 feat_std=0.0218 lr=0.00025 m=0.99757
  [ep 21 step 36150] loss=4.8261 feat_std=0.0219 lr=0.00025 m=0.99758
  [ep 21 step 36200] loss=4.8025 feat_std=0.0219 lr=0.00025 m=0.99758
  [ep 21 step 36250] loss=4.7973 feat_std=0.0220 lr=0.00025 m=0.99758
  [ep 21 step 36300] loss=4.8876 feat_std=0.0219 lr=0.00025 m=0.99759
  [ep 21 step 36350] loss=4.8419 feat_std=0.0218 lr=0.00025 m=0.99759
  [ep 21 step 36400] loss=4.9032 feat_std=0.0220 lr=0.00025 m=0.99759
  [ep 21 step 36450] loss=4.8042 feat_std=0.0219 lr=0.00025 m=0.99760
  [ep 21 step 36500] loss=4.8495 feat_std=0.0219 lr=0.00025 m=0.99760
  [ep 21 step 36550] loss=4.8077 feat_std=0.0220 lr=0.00025 m=0.99760
  [ep 21 step 36600] loss=4.8353 feat_std=0.0218 lr=0.00024 m=0.99761
  [ep 21 step 36650] loss=4.8025 feat_std=0.0220 lr=0.00024 m=0.99761
  [ep 21 step 36700] loss=4.8206 feat_std=0.0219 lr=0.00024 m=0.99762
  [ep 21 step 36750] loss=4.8278 feat_std=0.0220 lr=0.00024 m=0.99762
  [ep 21 step 36800] loss=4.8147 feat_std=0.0218 lr=0.00024 m=0.99762
  [ep 22 step 36850] loss=4.7841 feat_std=0.0217 lr=0.00024 m=0.99763
  [ep 22 step 36900] loss=4.8040 feat_std=0.0217 lr=0.00024 m=0.99763
  [ep 22 step 36950] loss=4.8158 feat_std=0.0219 lr=0.00024 m=0.99763
  [ep 22 step 37000] loss=4.9080 feat_std=0.0219 lr=0.00024 m=0.99764
  [ep 22 step 37050] loss=4.8121 feat_std=0.0217 lr=0.00024 m=0.99764
  [ep 22 step 37100] loss=4.8274 feat_std=0.0218 lr=0.00024 m=0.99765
  [ep 22 step 37150] loss=4.8414 feat_std=0.0219 lr=0.00024 m=0.99765
  [ep 22 step 37200] loss=4.8390 feat_std=0.0220 lr=0.00024 m=0.99765
  [ep 22 step 37250] loss=4.8148 feat_std=0.0219 lr=0.00024 m=0.99766
  [ep 22 step 37300] loss=4.9042 feat_std=0.0217 lr=0.00024 m=0.99766
  [ep 22 step 37350] loss=4.8343 feat_std=0.0216 lr=0.00024 m=0.99766
  [ep 22 step 37400] loss=4.7982 feat_std=0.0218 lr=0.00024 m=0.99767
  [ep 22 step 37450] loss=4.8379 feat_std=0.0219 lr=0.00024 m=0.99767
  [ep 22 step 37500] loss=4.8383 feat_std=0.0218 lr=0.00024 m=0.99767
  [ep 22 step 37550] loss=4.7831 feat_std=0.0220 lr=0.00024 m=0.99768
  [ep 22 step 37600] loss=4.7710 feat_std=0.0218 lr=0.00024 m=0.99768
  [ep 22 step 37650] loss=4.8346 feat_std=0.0219 lr=0.00024 m=0.99769
  [ep 22 step 37700] loss=4.8048 feat_std=0.0219 lr=0.00024 m=0.99769
  [ep 22 step 37750] loss=4.7996 feat_std=0.0220 lr=0.00024 m=0.99769
  [ep 22 step 37800] loss=4.8374 feat_std=0.0219 lr=0.00024 m=0.99770
  [ep 22 step 37850] loss=4.8435 feat_std=0.0219 lr=0.00024 m=0.99770
  [ep 22 step 37900] loss=4.7659 feat_std=0.0220 lr=0.00024 m=0.99770
  [ep 22 step 37950] loss=4.7891 feat_std=0.0221 lr=0.00023 m=0.99771
  [ep 22 step 38000] loss=4.8836 feat_std=0.0217 lr=0.00023 m=0.99771
  [ep 22 step 38050] loss=4.8013 feat_std=0.0220 lr=0.00023 m=0.99772
  [ep 22 step 38100] loss=4.8532 feat_std=0.0216 lr=0.00023 m=0.99772
  [ep 22 step 38150] loss=4.8621 feat_std=0.0217 lr=0.00023 m=0.99772
  [ep 22 step 38200] loss=4.8808 feat_std=0.0213 lr=0.00023 m=0.99773
  [ep 22 step 38250] loss=4.8033 feat_std=0.0219 lr=0.00023 m=0.99773
  [ep 22 step 38300] loss=4.8041 feat_std=0.0217 lr=0.00023 m=0.99773
  [ep 22 step 38350] loss=4.8349 feat_std=0.0216 lr=0.00023 m=0.99774
  [ep 22 step 38400] loss=4.8451 feat_std=0.0215 lr=0.00023 m=0.99774
  [ep 22 step 38450] loss=4.8506 feat_std=0.0221 lr=0.00023 m=0.99775
  [ep 22 step 38500] loss=4.7615 feat_std=0.0220 lr=0.00023 m=0.99775
  [ep 23 step 38550] loss=4.9180 feat_std=0.0217 lr=0.00023 m=0.99775
  [ep 23 step 38600] loss=4.8574 feat_std=0.0216 lr=0.00023 m=0.99776
  [ep 23 step 38650] loss=4.8495 feat_std=0.0218 lr=0.00023 m=0.99776
  [ep 23 step 38700] loss=4.8438 feat_std=0.0217 lr=0.00023 m=0.99776
  [ep 23 step 38750] loss=4.8708 feat_std=0.0220 lr=0.00023 m=0.99777
  [ep 23 step 38800] loss=4.8243 feat_std=0.0219 lr=0.00023 m=0.99777
  [ep 23 step 38850] loss=4.8077 feat_std=0.0220 lr=0.00023 m=0.99778
  [ep 23 step 38900] loss=4.8161 feat_std=0.0220 lr=0.00023 m=0.99778
  [ep 23 step 38950] loss=4.8467 feat_std=0.0219 lr=0.00023 m=0.99778
  [ep 23 step 39000] loss=4.8065 feat_std=0.0219 lr=0.00023 m=0.99779
  [ep 23 step 39050] loss=4.8434 feat_std=0.0219 lr=0.00023 m=0.99779
  [ep 23 step 39100] loss=4.8465 feat_std=0.0219 lr=0.00023 m=0.99779
  [ep 23 step 39150] loss=4.8303 feat_std=0.0219 lr=0.00023 m=0.99780
  [ep 23 step 39200] loss=4.9098 feat_std=0.0218 lr=0.00023 m=0.99780
  [ep 23 step 39250] loss=4.8067 feat_std=0.0220 lr=0.00023 m=0.99781
  [ep 23 step 39300] loss=4.8369 feat_std=0.0218 lr=0.00023 m=0.99781
  [ep 23 step 39350] loss=4.7964 feat_std=0.0217 lr=0.00022 m=0.99781
  [ep 23 step 39400] loss=4.8085 feat_std=0.0219 lr=0.00022 m=0.99782
  [ep 23 step 39450] loss=4.8489 feat_std=0.0219 lr=0.00022 m=0.99782
  [ep 23 step 39500] loss=4.8039 feat_std=0.0217 lr=0.00022 m=0.99782
  [ep 23 step 39550] loss=4.8102 feat_std=0.0220 lr=0.00022 m=0.99783
  [ep 23 step 39600] loss=4.7616 feat_std=0.0221 lr=0.00022 m=0.99783
  [ep 23 step 39650] loss=4.8054 feat_std=0.0218 lr=0.00022 m=0.99784
  [ep 23 step 39700] loss=4.7323 feat_std=0.0222 lr=0.00022 m=0.99784
  [ep 23 step 39750] loss=4.7689 feat_std=0.0220 lr=0.00022 m=0.99784
  [ep 23 step 39800] loss=4.8182 feat_std=0.0218 lr=0.00022 m=0.99785
  [ep 23 step 39850] loss=4.7980 feat_std=0.0220 lr=0.00022 m=0.99785
  [ep 23 step 39900] loss=4.8345 feat_std=0.0219 lr=0.00022 m=0.99785
  [ep 23 step 39950] loss=4.8186 feat_std=0.0218 lr=0.00022 m=0.99786
  [ep 23 step 40000] loss=4.8123 feat_std=0.0221 lr=0.00022 m=0.99786
  [ep 23 step 40050] loss=4.8260 feat_std=0.0220 lr=0.00022 m=0.99786
  [ep 23 step 40100] loss=4.8196 feat_std=0.0220 lr=0.00022 m=0.99787
  [ep 23 step 40150] loss=4.8765 feat_std=0.0221 lr=0.00022 m=0.99787
  [ep 24 step 40200] loss=4.7994 feat_std=0.0219 lr=0.00022 m=0.99788
  [ep 24 step 40250] loss=4.8124 feat_std=0.0220 lr=0.00022 m=0.99788
  [ep 24 step 40300] loss=4.8280 feat_std=0.0220 lr=0.00022 m=0.99788
  [ep 24 step 40350] loss=4.7642 feat_std=0.0219 lr=0.00022 m=0.99789
  [ep 24 step 40400] loss=4.8135 feat_std=0.0217 lr=0.00022 m=0.99789
  [ep 24 step 40450] loss=4.8541 feat_std=0.0220 lr=0.00022 m=0.99789
  [ep 24 step 40500] loss=4.8617 feat_std=0.0219 lr=0.00022 m=0.99790
  [ep 24 step 40550] loss=4.7873 feat_std=0.0220 lr=0.00022 m=0.99790
  [ep 24 step 40600] loss=4.8021 feat_std=0.0219 lr=0.00022 m=0.99791
  [ep 24 step 40650] loss=4.7853 feat_std=0.0220 lr=0.00022 m=0.99791
  [ep 24 step 40700] loss=4.8306 feat_std=0.0221 lr=0.00021 m=0.99791
  [ep 24 step 40750] loss=4.8027 feat_std=0.0219 lr=0.00021 m=0.99792
  [ep 24 step 40800] loss=4.8479 feat_std=0.0218 lr=0.00021 m=0.99792
  [ep 24 step 40850] loss=4.7903 feat_std=0.0221 lr=0.00021 m=0.99792
  [ep 24 step 40900] loss=4.7881 feat_std=0.0221 lr=0.00021 m=0.99793
  [ep 24 step 40950] loss=4.7745 feat_std=0.0220 lr=0.00021 m=0.99793
  [ep 24 step 41000] loss=4.7677 feat_std=0.0217 lr=0.00021 m=0.99794
  [ep 24 step 41050] loss=4.7907 feat_std=0.0220 lr=0.00021 m=0.99794
  [ep 24 step 41100] loss=4.7679 feat_std=0.0219 lr=0.00021 m=0.99794
  [ep 24 step 41150] loss=4.8415 feat_std=0.0220 lr=0.00021 m=0.99795
  [ep 24 step 41200] loss=4.8540 feat_std=0.0219 lr=0.00021 m=0.99795
  [ep 24 step 41250] loss=4.8439 feat_std=0.0221 lr=0.00021 m=0.99795
  [ep 24 step 41300] loss=4.8195 feat_std=0.0221 lr=0.00021 m=0.99796
  [ep 24 step 41350] loss=4.7282 feat_std=0.0219 lr=0.00021 m=0.99796
  [ep 24 step 41400] loss=4.8361 feat_std=0.0219 lr=0.00021 m=0.99797
  [ep 24 step 41450] loss=4.7436 feat_std=0.0217 lr=0.00021 m=0.99797
  [ep 24 step 41500] loss=4.8179 feat_std=0.0219 lr=0.00021 m=0.99797
  [ep 24 step 41550] loss=4.7427 feat_std=0.0219 lr=0.00021 m=0.99798
  [ep 24 step 41600] loss=4.8141 feat_std=0.0219 lr=0.00021 m=0.99798
  [ep 24 step 41650] loss=4.7429 feat_std=0.0219 lr=0.00021 m=0.99798
  [ep 24 step 41700] loss=4.7917 feat_std=0.0221 lr=0.00021 m=0.99799
  [ep 24 step 41750] loss=4.7720 feat_std=0.0218 lr=0.00021 m=0.99799
  [ep 24 step 41800] loss=4.8246 feat_std=0.0221 lr=0.00021 m=0.99800
  [ep 25 step 41850] loss=4.8088 feat_std=0.0221 lr=0.00021 m=0.99800
  [ep 25 step 41900] loss=4.8337 feat_std=0.0219 lr=0.00021 m=0.99800
  [ep 25 step 41950] loss=4.8357 feat_std=0.0219 lr=0.00021 m=0.99801
  [ep 25 step 42000] loss=4.7785 feat_std=0.0219 lr=0.00021 m=0.99801
  [ep 25 step 42050] loss=4.7725 feat_std=0.0217 lr=0.00020 m=0.99802
  [ep 25 step 42100] loss=4.7580 feat_std=0.0221 lr=0.00020 m=0.99802
  [ep 25 step 42150] loss=4.7544 feat_std=0.0220 lr=0.00020 m=0.99802
  [ep 25 step 42200] loss=4.8429 feat_std=0.0220 lr=0.00020 m=0.99803
  [ep 25 step 42250] loss=4.7403 feat_std=0.0220 lr=0.00020 m=0.99803
  [ep 25 step 42300] loss=4.7601 feat_std=0.0220 lr=0.00020 m=0.99803
  [ep 25 step 42350] loss=4.7849 feat_std=0.0218 lr=0.00020 m=0.99804
  [ep 25 step 42400] loss=4.7341 feat_std=0.0221 lr=0.00020 m=0.99804
  [ep 25 step 42450] loss=4.7719 feat_std=0.0221 lr=0.00020 m=0.99805
  [ep 25 step 42500] loss=4.8624 feat_std=0.0217 lr=0.00020 m=0.99805
  [ep 25 step 42550] loss=4.8116 feat_std=0.0215 lr=0.00020 m=0.99805
  [ep 25 step 42600] loss=4.7425 feat_std=0.0219 lr=0.00020 m=0.99806
  [ep 25 step 42650] loss=4.7697 feat_std=0.0220 lr=0.00020 m=0.99806
  [ep 25 step 42700] loss=4.7661 feat_std=0.0221 lr=0.00020 m=0.99806
  [ep 25 step 42750] loss=4.7969 feat_std=0.0217 lr=0.00020 m=0.99807
  [ep 25 step 42800] loss=4.8020 feat_std=0.0223 lr=0.00020 m=0.99807
  [ep 25 step 42850] loss=4.8964 feat_std=0.0221 lr=0.00020 m=0.99808
  [ep 25 step 42900] loss=4.7954 feat_std=0.0221 lr=0.00020 m=0.99808
  [ep 25 step 42950] loss=4.8845 feat_std=0.0220 lr=0.00020 m=0.99808
  [ep 25 step 43000] loss=4.8138 feat_std=0.0221 lr=0.00020 m=0.99809
  [ep 25 step 43050] loss=4.7733 feat_std=0.0217 lr=0.00020 m=0.99809
  [ep 25 step 43100] loss=4.7668 feat_std=0.0219 lr=0.00020 m=0.99809
  [ep 25 step 43150] loss=4.7055 feat_std=0.0218 lr=0.00020 m=0.99810
  [ep 25 step 43200] loss=4.7102 feat_std=0.0221 lr=0.00020 m=0.99810
  [ep 25 step 43250] loss=4.7826 feat_std=0.0221 lr=0.00020 m=0.99811
  [ep 25 step 43300] loss=4.7362 feat_std=0.0219 lr=0.00020 m=0.99811
  [ep 25 step 43350] loss=4.8240 feat_std=0.0221 lr=0.00020 m=0.99811
  [ep 25 step 43400] loss=4.7648 feat_std=0.0219 lr=0.00019 m=0.99812
  [ep 25 step 43450] loss=4.7550 feat_std=0.0219 lr=0.00019 m=0.99812
  [ep 25 step 43500] loss=4.8761 feat_std=0.0218 lr=0.00019 m=0.99812
  [ep 26 step 43550] loss=4.7177 feat_std=0.0219 lr=0.00019 m=0.99813
  [ep 26 step 43600] loss=4.8689 feat_std=0.0221 lr=0.00019 m=0.99813
  [ep 26 step 43650] loss=4.8276 feat_std=0.0219 lr=0.00019 m=0.99814
  [ep 26 step 43700] loss=4.8195 feat_std=0.0221 lr=0.00019 m=0.99814
  [ep 26 step 43750] loss=4.7388 feat_std=0.0222 lr=0.00019 m=0.99814
  [ep 26 step 43800] loss=4.8376 feat_std=0.0217 lr=0.00019 m=0.99815
  [ep 26 step 43850] loss=4.7242 feat_std=0.0218 lr=0.00019 m=0.99815
  [ep 26 step 43900] loss=4.7566 feat_std=0.0219 lr=0.00019 m=0.99815
  [ep 26 step 43950] loss=4.7624 feat_std=0.0222 lr=0.00019 m=0.99816
  [ep 26 step 44000] loss=4.7392 feat_std=0.0219 lr=0.00019 m=0.99816
  [ep 26 step 44050] loss=4.7869 feat_std=0.0219 lr=0.00019 m=0.99816
  [ep 26 step 44100] loss=4.7692 feat_std=0.0221 lr=0.00019 m=0.99817
  [ep 26 step 44150] loss=4.8345 feat_std=0.0218 lr=0.00019 m=0.99817
  [ep 26 step 44200] loss=4.7601 feat_std=0.0219 lr=0.00019 m=0.99818
  [ep 26 step 44250] loss=4.7586 feat_std=0.0219 lr=0.00019 m=0.99818
  [ep 26 step 44300] loss=4.7594 feat_std=0.0219 lr=0.00019 m=0.99818
  [ep 26 step 44350] loss=4.7005 feat_std=0.0220 lr=0.00019 m=0.99819
  [ep 26 step 44400] loss=4.7612 feat_std=0.0219 lr=0.00019 m=0.99819
  [ep 26 step 44450] loss=4.9156 feat_std=0.0217 lr=0.00019 m=0.99819
  [ep 26 step 44500] loss=4.7446 feat_std=0.0220 lr=0.00019 m=0.99820
  [ep 26 step 44550] loss=4.7457 feat_std=0.0218 lr=0.00019 m=0.99820
  [ep 26 step 44600] loss=4.7571 feat_std=0.0218 lr=0.00019 m=0.99821
  [ep 26 step 44650] loss=4.8359 feat_std=0.0219 lr=0.00019 m=0.99821
  [ep 26 step 44700] loss=4.7483 feat_std=0.0216 lr=0.00018 m=0.99821
  [ep 26 step 44750] loss=4.8260 feat_std=0.0219 lr=0.00018 m=0.99822
  [ep 26 step 44800] loss=4.8630 feat_std=0.0220 lr=0.00018 m=0.99822
  [ep 26 step 44850] loss=4.7345 feat_std=0.0218 lr=0.00018 m=0.99822
  [ep 26 step 44900] loss=4.7715 feat_std=0.0219 lr=0.00018 m=0.99823
  [ep 26 step 44950] loss=4.7716 feat_std=0.0219 lr=0.00018 m=0.99823
  [ep 26 step 45000] loss=4.7234 feat_std=0.0218 lr=0.00018 m=0.99824
  [ep 26 step 45050] loss=4.7674 feat_std=0.0217 lr=0.00018 m=0.99824
  [ep 26 step 45100] loss=4.7340 feat_std=0.0220 lr=0.00018 m=0.99824
  [ep 26 step 45150] loss=4.8087 feat_std=0.0219 lr=0.00018 m=0.99825
  [ep 27 step 45200] loss=4.8051 feat_std=0.0217 lr=0.00018 m=0.99825
  [ep 27 step 45250] loss=4.7788 feat_std=0.0217 lr=0.00018 m=0.99825
  [ep 27 step 45300] loss=4.7568 feat_std=0.0219 lr=0.00018 m=0.99826
  [ep 27 step 45350] loss=4.7224 feat_std=0.0219 lr=0.00018 m=0.99826
  [ep 27 step 45400] loss=4.7530 feat_std=0.0218 lr=0.00018 m=0.99827
  [ep 27 step 45450] loss=4.7422 feat_std=0.0219 lr=0.00018 m=0.99827
  [ep 27 step 45500] loss=4.7419 feat_std=0.0219 lr=0.00018 m=0.99827
  [ep 27 step 45550] loss=4.7266 feat_std=0.0220 lr=0.00018 m=0.99828
  [ep 27 step 45600] loss=4.7787 feat_std=0.0222 lr=0.00018 m=0.99828
  [ep 27 step 45650] loss=4.7585 feat_std=0.0220 lr=0.00018 m=0.99828
  [ep 27 step 45700] loss=4.8214 feat_std=0.0220 lr=0.00018 m=0.99829
  [ep 27 step 45750] loss=4.8234 feat_std=0.0220 lr=0.00018 m=0.99829
  [ep 27 step 45800] loss=4.7553 feat_std=0.0217 lr=0.00018 m=0.99830
  [ep 27 step 45850] loss=4.7340 feat_std=0.0219 lr=0.00018 m=0.99830
  [ep 27 step 45900] loss=4.7817 feat_std=0.0221 lr=0.00018 m=0.99830
  [ep 27 step 45950] loss=4.7816 feat_std=0.0220 lr=0.00018 m=0.99831
  [ep 27 step 46000] loss=4.7817 feat_std=0.0219 lr=0.00018 m=0.99831
  [ep 27 step 46050] loss=4.7492 feat_std=0.0218 lr=0.00017 m=0.99831
  [ep 27 step 46100] loss=4.7740 feat_std=0.0220 lr=0.00017 m=0.99832
  [ep 27 step 46150] loss=4.8140 feat_std=0.0219 lr=0.00017 m=0.99832
  [ep 27 step 46200] loss=4.8172 feat_std=0.0219 lr=0.00017 m=0.99833
  [ep 27 step 46250] loss=4.8141 feat_std=0.0221 lr=0.00017 m=0.99833
  [ep 27 step 46300] loss=4.8475 feat_std=0.0219 lr=0.00017 m=0.99833
  [ep 27 step 46350] loss=4.7841 feat_std=0.0218 lr=0.00017 m=0.99834
  [ep 27 step 46400] loss=4.7585 feat_std=0.0218 lr=0.00017 m=0.99834
  [ep 27 step 46450] loss=4.7366 feat_std=0.0219 lr=0.00017 m=0.99834
  [ep 27 step 46500] loss=4.7655 feat_std=0.0219 lr=0.00017 m=0.99835
  [ep 27 step 46550] loss=4.7384 feat_std=0.0221 lr=0.00017 m=0.99835
  [ep 27 step 46600] loss=4.7903 feat_std=0.0220 lr=0.00017 m=0.99835
  [ep 27 step 46650] loss=4.8103 feat_std=0.0220 lr=0.00017 m=0.99836
  [ep 27 step 46700] loss=4.7883 feat_std=0.0216 lr=0.00017 m=0.99836
  [ep 27 step 46750] loss=4.7686 feat_std=0.0222 lr=0.00017 m=0.99837
  [ep 27 step 46800] loss=4.7306 feat_std=0.0219 lr=0.00017 m=0.99837
  [ep 27 step 46850] loss=4.7731 feat_std=0.0223 lr=0.00017 m=0.99837
  [ep 28 step 46900] loss=4.7876 feat_std=0.0220 lr=0.00017 m=0.99838
  [ep 28 step 46950] loss=4.7689 feat_std=0.0219 lr=0.00017 m=0.99838
  [ep 28 step 47000] loss=4.7681 feat_std=0.0218 lr=0.00017 m=0.99838
  [ep 28 step 47050] loss=4.7610 feat_std=0.0220 lr=0.00017 m=0.99839
  [ep 28 step 47100] loss=4.7792 feat_std=0.0221 lr=0.00017 m=0.99839
  [ep 28 step 47150] loss=4.7897 feat_std=0.0218 lr=0.00017 m=0.99840
  [ep 28 step 47200] loss=4.7540 feat_std=0.0217 lr=0.00017 m=0.99840
  [ep 28 step 47250] loss=4.7999 feat_std=0.0221 lr=0.00017 m=0.99840
  [ep 28 step 47300] loss=4.7113 feat_std=0.0222 lr=0.00017 m=0.99841
  [ep 28 step 47350] loss=4.7719 feat_std=0.0219 lr=0.00017 m=0.99841
  [ep 28 step 47400] loss=4.7708 feat_std=0.0221 lr=0.00016 m=0.99841
  [ep 28 step 47450] loss=4.7687 feat_std=0.0219 lr=0.00016 m=0.99842
  [ep 28 step 47500] loss=4.7646 feat_std=0.0217 lr=0.00016 m=0.99842
  [ep 28 step 47550] loss=4.6719 feat_std=0.0220 lr=0.00016 m=0.99842
  [ep 28 step 47600] loss=4.7740 feat_std=0.0218 lr=0.00016 m=0.99843
  [ep 28 step 47650] loss=4.8134 feat_std=0.0216 lr=0.00016 m=0.99843
  [ep 28 step 47700] loss=4.7765 feat_std=0.0219 lr=0.00016 m=0.99844
  [ep 28 step 47750] loss=4.7609 feat_std=0.0219 lr=0.00016 m=0.99844
  [ep 28 step 47800] loss=4.7264 feat_std=0.0220 lr=0.00016 m=0.99844
  [ep 28 step 47850] loss=4.7459 feat_std=0.0219 lr=0.00016 m=0.99845
  [ep 28 step 47900] loss=4.6884 feat_std=0.0219 lr=0.00016 m=0.99845
  [ep 28 step 47950] loss=4.7757 feat_std=0.0218 lr=0.00016 m=0.99845
  [ep 28 step 48000] loss=4.6858 feat_std=0.0223 lr=0.00016 m=0.99846
  [ep 28 step 48050] loss=4.7511 feat_std=0.0219 lr=0.00016 m=0.99846
  [ep 28 step 48100] loss=4.7512 feat_std=0.0218 lr=0.00016 m=0.99846
  [ep 28 step 48150] loss=4.7254 feat_std=0.0220 lr=0.00016 m=0.99847
  [ep 28 step 48200] loss=4.7803 feat_std=0.0220 lr=0.00016 m=0.99847
  [ep 28 step 48250] loss=4.7757 feat_std=0.0220 lr=0.00016 m=0.99848
  [ep 28 step 48300] loss=4.7546 feat_std=0.0217 lr=0.00016 m=0.99848
  [ep 28 step 48350] loss=4.7749 feat_std=0.0219 lr=0.00016 m=0.99848
  [ep 28 step 48400] loss=4.7882 feat_std=0.0222 lr=0.00016 m=0.99849
  [ep 28 step 48450] loss=4.7674 feat_std=0.0219 lr=0.00016 m=0.99849
  [ep 28 step 48500] loss=4.7695 feat_std=0.0220 lr=0.00016 m=0.99849
  [ep 29 step 48550] loss=4.7570 feat_std=0.0218 lr=0.00016 m=0.99850
  [ep 29 step 48600] loss=4.7519 feat_std=0.0216 lr=0.00016 m=0.99850
  [ep 29 step 48650] loss=4.6953 feat_std=0.0222 lr=0.00016 m=0.99850
  [ep 29 step 48700] loss=4.7315 feat_std=0.0218 lr=0.00016 m=0.99851
  [ep 29 step 48750] loss=4.7752 feat_std=0.0221 lr=0.00015 m=0.99851
  [ep 29 step 48800] loss=4.7030 feat_std=0.0222 lr=0.00015 m=0.99852
  [ep 29 step 48850] loss=4.7286 feat_std=0.0221 lr=0.00015 m=0.99852
  [ep 29 step 48900] loss=4.7298 feat_std=0.0221 lr=0.00015 m=0.99852
  [ep 29 step 48950] loss=4.7745 feat_std=0.0221 lr=0.00015 m=0.99853
  [ep 29 step 49000] loss=4.7194 feat_std=0.0221 lr=0.00015 m=0.99853
  [ep 29 step 49050] loss=4.7938 feat_std=0.0219 lr=0.00015 m=0.99853
  [ep 29 step 49100] loss=4.6951 feat_std=0.0222 lr=0.00015 m=0.99854
  [ep 29 step 49150] loss=4.7963 feat_std=0.0220 lr=0.00015 m=0.99854
  [ep 29 step 49200] loss=4.7700 feat_std=0.0219 lr=0.00015 m=0.99854
  [ep 29 step 49250] loss=4.7752 feat_std=0.0222 lr=0.00015 m=0.99855
  [ep 29 step 49300] loss=4.7649 feat_std=0.0221 lr=0.00015 m=0.99855
  [ep 29 step 49350] loss=4.7740 feat_std=0.0220 lr=0.00015 m=0.99856
  [ep 29 step 49400] loss=4.7622 feat_std=0.0219 lr=0.00015 m=0.99856
  [ep 29 step 49450] loss=4.7189 feat_std=0.0221 lr=0.00015 m=0.99856
  [ep 29 step 49500] loss=4.6992 feat_std=0.0218 lr=0.00015 m=0.99857
  [ep 29 step 49550] loss=4.8149 feat_std=0.0216 lr=0.00015 m=0.99857
  [ep 29 step 49600] loss=4.7836 feat_std=0.0219 lr=0.00015 m=0.99857
  [ep 29 step 49650] loss=4.7740 feat_std=0.0221 lr=0.00015 m=0.99858
  [ep 29 step 49700] loss=4.7615 feat_std=0.0216 lr=0.00015 m=0.99858
  [ep 29 step 49750] loss=4.7793 feat_std=0.0220 lr=0.00015 m=0.99858
  [ep 29 step 49800] loss=4.7228 feat_std=0.0221 lr=0.00015 m=0.99859
  [ep 29 step 49850] loss=4.7322 feat_std=0.0220 lr=0.00015 m=0.99859
  [ep 29 step 49900] loss=4.7748 feat_std=0.0220 lr=0.00015 m=0.99860
  [ep 29 step 49950] loss=4.7735 feat_std=0.0222 lr=0.00015 m=0.99860
  [ep 29 step 50000] loss=4.7685 feat_std=0.0220 lr=0.00015 m=0.99860
  [ep 29 step 50050] loss=4.7120 feat_std=0.0223 lr=0.00015 m=0.99861
  [ep 29 step 50100] loss=4.7042 feat_std=0.0220 lr=0.00014 m=0.99861
  [ep 29 step 50150] loss=4.7228 feat_std=0.0220 lr=0.00014 m=0.99861
  [ep 29 step 50200] loss=4.7858 feat_std=0.0220 lr=0.00014 m=0.99862
  [ep 30 step 50250] loss=4.7572 feat_std=0.0221 lr=0.00014 m=0.99862
  [ep 30 step 50300] loss=4.7662 feat_std=0.0221 lr=0.00014 m=0.99862
  [ep 30 step 50350] loss=4.7810 feat_std=0.0219 lr=0.00014 m=0.99863
  [ep 30 step 50400] loss=4.7740 feat_std=0.0220 lr=0.00014 m=0.99863
  [ep 30 step 50450] loss=4.7256 feat_std=0.0221 lr=0.00014 m=0.99863
  [ep 30 step 50500] loss=4.8065 feat_std=0.0220 lr=0.00014 m=0.99864
  [ep 30 step 50550] loss=4.7038 feat_std=0.0219 lr=0.00014 m=0.99864
  [ep 30 step 50600] loss=4.7204 feat_std=0.0221 lr=0.00014 m=0.99865
  [ep 30 step 50650] loss=4.7318 feat_std=0.0219 lr=0.00014 m=0.99865
  [ep 30 step 50700] loss=4.7477 feat_std=0.0219 lr=0.00014 m=0.99865
  [ep 30 step 50750] loss=4.7293 feat_std=0.0222 lr=0.00014 m=0.99866
  [ep 30 step 50800] loss=4.7895 feat_std=0.0222 lr=0.00014 m=0.99866
  [ep 30 step 50850] loss=4.7743 feat_std=0.0221 lr=0.00014 m=0.99866
  [ep 30 step 50900] loss=4.7109 feat_std=0.0219 lr=0.00014 m=0.99867
  [ep 30 step 50950] loss=4.7185 feat_std=0.0221 lr=0.00014 m=0.99867
  [ep 30 step 51000] loss=4.6978 feat_std=0.0221 lr=0.00014 m=0.99867
  [ep 30 step 51050] loss=4.7177 feat_std=0.0221 lr=0.00014 m=0.99868
  [ep 30 step 51100] loss=4.7430 feat_std=0.0221 lr=0.00014 m=0.99868
  [ep 30 step 51150] loss=4.7561 feat_std=0.0221 lr=0.00014 m=0.99868
  [ep 30 step 51200] loss=4.7211 feat_std=0.0218 lr=0.00014 m=0.99869
  [ep 30 step 51250] loss=4.7422 feat_std=0.0217 lr=0.00014 m=0.99869
  [ep 30 step 51300] loss=4.6963 feat_std=0.0220 lr=0.00014 m=0.99869
  [ep 30 step 51350] loss=4.6925 feat_std=0.0220 lr=0.00014 m=0.99870
  [ep 30 step 51400] loss=4.7435 feat_std=0.0218 lr=0.00014 m=0.99870
  [ep 30 step 51450] loss=4.7480 feat_std=0.0219 lr=0.00014 m=0.99871
  [ep 30 step 51500] loss=4.7561 feat_std=0.0220 lr=0.00013 m=0.99871
  [ep 30 step 51550] loss=4.7840 feat_std=0.0218 lr=0.00013 m=0.99871
  [ep 30 step 51600] loss=4.7400 feat_std=0.0222 lr=0.00013 m=0.99872
  [ep 30 step 51650] loss=4.7248 feat_std=0.0221 lr=0.00013 m=0.99872
  [ep 30 step 51700] loss=4.7543 feat_std=0.0219 lr=0.00013 m=0.99872
  [ep 30 step 51750] loss=4.7380 feat_std=0.0219 lr=0.00013 m=0.99873
  [ep 30 step 51800] loss=4.7665 feat_std=0.0219 lr=0.00013 m=0.99873
  [ep 30 step 51850] loss=4.7196 feat_std=0.0223 lr=0.00013 m=0.99873
  [ep 31 step 51900] loss=4.7879 feat_std=0.0221 lr=0.00013 m=0.99874
  [ep 31 step 51950] loss=4.7686 feat_std=0.0218 lr=0.00013 m=0.99874
  [ep 31 step 52000] loss=4.7546 feat_std=0.0218 lr=0.00013 m=0.99874
  [ep 31 step 52050] loss=4.6827 feat_std=0.0218 lr=0.00013 m=0.99875
  [ep 31 step 52100] loss=4.7248 feat_std=0.0220 lr=0.00013 m=0.99875
  [ep 31 step 52150] loss=4.6811 feat_std=0.0217 lr=0.00013 m=0.99875
  [ep 31 step 52200] loss=4.7622 feat_std=0.0219 lr=0.00013 m=0.99876
  [ep 31 step 52250] loss=4.7395 feat_std=0.0221 lr=0.00013 m=0.99876
  [ep 31 step 52300] loss=4.7374 feat_std=0.0220 lr=0.00013 m=0.99876
  [ep 31 step 52350] loss=4.7182 feat_std=0.0221 lr=0.00013 m=0.99877
  [ep 31 step 52400] loss=4.7013 feat_std=0.0222 lr=0.00013 m=0.99877
  [ep 31 step 52450] loss=4.7342 feat_std=0.0219 lr=0.00013 m=0.99877
  [ep 31 step 52500] loss=4.7037 feat_std=0.0220 lr=0.00013 m=0.99878
  [ep 31 step 52550] loss=4.6977 feat_std=0.0220 lr=0.00013 m=0.99878
  [ep 31 step 52600] loss=4.7179 feat_std=0.0221 lr=0.00013 m=0.99879
  [ep 31 step 52650] loss=4.6798 feat_std=0.0219 lr=0.00013 m=0.99879
  [ep 31 step 52700] loss=4.6887 feat_std=0.0217 lr=0.00013 m=0.99879
  [ep 31 step 52750] loss=4.6704 feat_std=0.0217 lr=0.00013 m=0.99880
  [ep 31 step 52800] loss=4.6953 feat_std=0.0221 lr=0.00013 m=0.99880
  [ep 31 step 52850] loss=4.7767 feat_std=0.0218 lr=0.00013 m=0.99880
  [ep 31 step 52900] loss=4.7483 feat_std=0.0220 lr=0.00012 m=0.99881
  [ep 31 step 52950] loss=4.7640 feat_std=0.0222 lr=0.00012 m=0.99881
  [ep 31 step 53000] loss=4.6833 feat_std=0.0221 lr=0.00012 m=0.99881
  [ep 31 step 53050] loss=4.7117 feat_std=0.0221 lr=0.00012 m=0.99882
  [ep 31 step 53100] loss=4.7252 feat_std=0.0220 lr=0.00012 m=0.99882
  [ep 31 step 53150] loss=4.7410 feat_std=0.0221 lr=0.00012 m=0.99882
  [ep 31 step 53200] loss=4.7697 feat_std=0.0220 lr=0.00012 m=0.99883
  [ep 31 step 53250] loss=4.7861 feat_std=0.0218 lr=0.00012 m=0.99883
  [ep 31 step 53300] loss=4.7187 feat_std=0.0219 lr=0.00012 m=0.99883
  [ep 31 step 53350] loss=4.7515 feat_std=0.0221 lr=0.00012 m=0.99884
  [ep 31 step 53400] loss=4.7486 feat_std=0.0220 lr=0.00012 m=0.99884
  [ep 31 step 53450] loss=4.6948 feat_std=0.0220 lr=0.00012 m=0.99884
  [ep 31 step 53500] loss=4.6630 feat_std=0.0222 lr=0.00012 m=0.99885
  [ep 31 step 53550] loss=4.7154 feat_std=0.0223 lr=0.00012 m=0.99885
  [ep 32 step 53600] loss=4.7089 feat_std=0.0220 lr=0.00012 m=0.99885
  [ep 32 step 53650] loss=4.7543 feat_std=0.0221 lr=0.00012 m=0.99886
  [ep 32 step 53700] loss=4.7314 feat_std=0.0220 lr=0.00012 m=0.99886
  [ep 32 step 53750] loss=4.7697 feat_std=0.0220 lr=0.00012 m=0.99886
  [ep 32 step 53800] loss=4.7387 feat_std=0.0222 lr=0.00012 m=0.99887
  [ep 32 step 53850] loss=4.7536 feat_std=0.0224 lr=0.00012 m=0.99887
  [ep 32 step 53900] loss=4.7332 feat_std=0.0220 lr=0.00012 m=0.99887
  [ep 32 step 53950] loss=4.7020 feat_std=0.0221 lr=0.00012 m=0.99888
  [ep 32 step 54000] loss=4.7119 feat_std=0.0219 lr=0.00012 m=0.99888
  [ep 32 step 54050] loss=4.7569 feat_std=0.0218 lr=0.00012 m=0.99888
  [ep 32 step 54100] loss=4.6675 feat_std=0.0219 lr=0.00012 m=0.99889
  [ep 32 step 54150] loss=4.7160 feat_std=0.0217 lr=0.00012 m=0.99889
  [ep 32 step 54200] loss=4.7995 feat_std=0.0216 lr=0.00012 m=0.99889
  [ep 32 step 54250] loss=4.6824 feat_std=0.0220 lr=0.00012 m=0.99890
  [ep 32 step 54300] loss=4.7114 feat_std=0.0218 lr=0.00012 m=0.99890
  [ep 32 step 54350] loss=4.7956 feat_std=0.0221 lr=0.00011 m=0.99890
  [ep 32 step 54400] loss=4.7790 feat_std=0.0222 lr=0.00011 m=0.99891
  [ep 32 step 54450] loss=4.7401 feat_std=0.0219 lr=0.00011 m=0.99891
  [ep 32 step 54500] loss=4.7027 feat_std=0.0218 lr=0.00011 m=0.99891
  [ep 32 step 54550] loss=4.7208 feat_std=0.0220 lr=0.00011 m=0.99892
  [ep 32 step 54600] loss=4.7399 feat_std=0.0218 lr=0.00011 m=0.99892
  [ep 32 step 54650] loss=4.7142 feat_std=0.0222 lr=0.00011 m=0.99892
  [ep 32 step 54700] loss=4.7434 feat_std=0.0218 lr=0.00011 m=0.99893
  [ep 32 step 54750] loss=4.7957 feat_std=0.0218 lr=0.00011 m=0.99893
  [ep 32 step 54800] loss=4.7259 feat_std=0.0219 lr=0.00011 m=0.99893
  [ep 32 step 54850] loss=4.7194 feat_std=0.0220 lr=0.00011 m=0.99894
  [ep 32 step 54900] loss=4.6723 feat_std=0.0220 lr=0.00011 m=0.99894
  [ep 32 step 54950] loss=4.7369 feat_std=0.0220 lr=0.00011 m=0.99894
  [ep 32 step 55000] loss=4.7087 feat_std=0.0220 lr=0.00011 m=0.99895
  [ep 32 step 55050] loss=4.7413 feat_std=0.0218 lr=0.00011 m=0.99895
  [ep 32 step 55100] loss=4.7623 feat_std=0.0220 lr=0.00011 m=0.99895
  [ep 32 step 55150] loss=4.6895 feat_std=0.0219 lr=0.00011 m=0.99896
  [ep 32 step 55200] loss=4.6863 feat_std=0.0220 lr=0.00011 m=0.99896
  [ep 33 step 55250] loss=4.7350 feat_std=0.0220 lr=0.00011 m=0.99896
  [ep 33 step 55300] loss=4.7505 feat_std=0.0223 lr=0.00011 m=0.99897
  [ep 33 step 55350] loss=4.7468 feat_std=0.0222 lr=0.00011 m=0.99897
  [ep 33 step 55400] loss=4.7196 feat_std=0.0217 lr=0.00011 m=0.99897
  [ep 33 step 55450] loss=4.7272 feat_std=0.0220 lr=0.00011 m=0.99898
  [ep 33 step 55500] loss=4.7399 feat_std=0.0222 lr=0.00011 m=0.99898
  [ep 33 step 55550] loss=4.7032 feat_std=0.0220 lr=0.00011 m=0.99898
  [ep 33 step 55600] loss=4.7845 feat_std=0.0218 lr=0.00011 m=0.99899
  [ep 33 step 55650] loss=4.7394 feat_std=0.0218 lr=0.00011 m=0.99899
  [ep 33 step 55700] loss=4.7299 feat_std=0.0218 lr=0.00011 m=0.99899
  [ep 33 step 55750] loss=4.7199 feat_std=0.0224 lr=0.00011 m=0.99900
  [ep 33 step 55800] loss=4.7351 feat_std=0.0220 lr=0.00010 m=0.99900
  [ep 33 step 55850] loss=4.6842 feat_std=0.0220 lr=0.00010 m=0.99900
  [ep 33 step 55900] loss=4.7593 feat_std=0.0218 lr=0.00010 m=0.99901
  [ep 33 step 55950] loss=4.7711 feat_std=0.0217 lr=0.00010 m=0.99901
  [ep 33 step 56000] loss=4.7331 feat_std=0.0220 lr=0.00010 m=0.99901
  [ep 33 step 56050] loss=4.7069 feat_std=0.0222 lr=0.00010 m=0.99902
  [ep 33 step 56100] loss=4.7492 feat_std=0.0220 lr=0.00010 m=0.99902
  [ep 33 step 56150] loss=4.6426 feat_std=0.0220 lr=0.00010 m=0.99902
  [ep 33 step 56200] loss=4.7184 feat_std=0.0219 lr=0.00010 m=0.99903
  [ep 33 step 56250] loss=4.7033 feat_std=0.0218 lr=0.00010 m=0.99903
  [ep 33 step 56300] loss=4.7155 feat_std=0.0219 lr=0.00010 m=0.99903
  [ep 33 step 56350] loss=4.7234 feat_std=0.0219 lr=0.00010 m=0.99904
  [ep 33 step 56400] loss=4.7212 feat_std=0.0220 lr=0.00010 m=0.99904
  [ep 33 step 56450] loss=4.6764 feat_std=0.0219 lr=0.00010 m=0.99904
  [ep 33 step 56500] loss=4.7276 feat_std=0.0218 lr=0.00010 m=0.99905
  [ep 33 step 56550] loss=4.6945 feat_std=0.0219 lr=0.00010 m=0.99905
  [ep 33 step 56600] loss=4.7560 feat_std=0.0222 lr=0.00010 m=0.99905
  [ep 33 step 56650] loss=4.7361 feat_std=0.0222 lr=0.00010 m=0.99905
  [ep 33 step 56700] loss=4.7177 feat_std=0.0219 lr=0.00010 m=0.99906
  [ep 33 step 56750] loss=4.7445 feat_std=0.0220 lr=0.00010 m=0.99906
  [ep 33 step 56800] loss=4.7071 feat_std=0.0220 lr=0.00010 m=0.99906
  [ep 33 step 56850] loss=4.7159 feat_std=0.0219 lr=0.00010 m=0.99907
  [ep 33 step 56900] loss=4.7181 feat_std=0.0220 lr=0.00010 m=0.99907
  [ep 34 step 56950] loss=4.7098 feat_std=0.0220 lr=0.00010 m=0.99907
  [ep 34 step 57000] loss=4.6960 feat_std=0.0223 lr=0.00010 m=0.99908
  [ep 34 step 57050] loss=4.7109 feat_std=0.0220 lr=0.00010 m=0.99908
  [ep 34 step 57100] loss=4.6902 feat_std=0.0220 lr=0.00010 m=0.99908
  [ep 34 step 57150] loss=4.7269 feat_std=0.0221 lr=0.00010 m=0.99909
  [ep 34 step 57200] loss=4.7325 feat_std=0.0218 lr=0.00010 m=0.99909
  [ep 34 step 57250] loss=4.7154 feat_std=0.0220 lr=0.00010 m=0.99909
  [ep 34 step 57300] loss=4.7634 feat_std=0.0220 lr=0.00009 m=0.99910
  [ep 34 step 57350] loss=4.7070 feat_std=0.0219 lr=0.00009 m=0.99910
  [ep 34 step 57400] loss=4.7261 feat_std=0.0220 lr=0.00009 m=0.99910
  [ep 34 step 57450] loss=4.6276 feat_std=0.0221 lr=0.00009 m=0.99911
  [ep 34 step 57500] loss=4.7444 feat_std=0.0220 lr=0.00009 m=0.99911
  [ep 34 step 57550] loss=4.7239 feat_std=0.0220 lr=0.00009 m=0.99911
  [ep 34 step 57600] loss=4.7812 feat_std=0.0218 lr=0.00009 m=0.99911
  [ep 34 step 57650] loss=4.6591 feat_std=0.0219 lr=0.00009 m=0.99912
  [ep 34 step 57700] loss=4.7376 feat_std=0.0221 lr=0.00009 m=0.99912
  [ep 34 step 57750] loss=4.7275 feat_std=0.0218 lr=0.00009 m=0.99912
  [ep 34 step 57800] loss=4.6254 feat_std=0.0221 lr=0.00009 m=0.99913
  [ep 34 step 57850] loss=4.7864 feat_std=0.0220 lr=0.00009 m=0.99913
  [ep 34 step 57900] loss=4.7075 feat_std=0.0219 lr=0.00009 m=0.99913
  [ep 34 step 57950] loss=4.7148 feat_std=0.0219 lr=0.00009 m=0.99914
  [ep 34 step 58000] loss=4.7274 feat_std=0.0221 lr=0.00009 m=0.99914
  [ep 34 step 58050] loss=4.6731 feat_std=0.0219 lr=0.00009 m=0.99914
  [ep 34 step 58100] loss=4.7500 feat_std=0.0220 lr=0.00009 m=0.99915
  [ep 34 step 58150] loss=4.7057 feat_std=0.0223 lr=0.00009 m=0.99915
  [ep 34 step 58200] loss=4.7505 feat_std=0.0217 lr=0.00009 m=0.99915
  [ep 34 step 58250] loss=4.6717 feat_std=0.0221 lr=0.00009 m=0.99915
  [ep 34 step 58300] loss=4.6857 feat_std=0.0223 lr=0.00009 m=0.99916
  [ep 34 step 58350] loss=4.6634 feat_std=0.0220 lr=0.00009 m=0.99916
  [ep 34 step 58400] loss=4.7361 feat_std=0.0218 lr=0.00009 m=0.99916
  [ep 34 step 58450] loss=4.7506 feat_std=0.0219 lr=0.00009 m=0.99917
  [ep 34 step 58500] loss=4.7616 feat_std=0.0215 lr=0.00009 m=0.99917
  [ep 34 step 58550] loss=4.6755 feat_std=0.0223 lr=0.00009 m=0.99917
  [ep 35 step 58600] loss=4.7009 feat_std=0.0220 lr=0.00009 m=0.99918
  [ep 35 step 58650] loss=4.7191 feat_std=0.0220 lr=0.00009 m=0.99918
  [ep 35 step 58700] loss=4.7523 feat_std=0.0219 lr=0.00009 m=0.99918
  [ep 35 step 58750] loss=4.7401 feat_std=0.0220 lr=0.00009 m=0.99919
  [ep 35 step 58800] loss=4.6932 feat_std=0.0218 lr=0.00009 m=0.99919
  [ep 35 step 58850] loss=4.7176 feat_std=0.0220 lr=0.00008 m=0.99919
  [ep 35 step 58900] loss=4.6856 feat_std=0.0219 lr=0.00008 m=0.99919
  [ep 35 step 58950] loss=4.7098 feat_std=0.0218 lr=0.00008 m=0.99920
  [ep 35 step 59000] loss=4.6547 feat_std=0.0219 lr=0.00008 m=0.99920
  [ep 35 step 59050] loss=4.6696 feat_std=0.0220 lr=0.00008 m=0.99920
  [ep 35 step 59100] loss=4.6948 feat_std=0.0219 lr=0.00008 m=0.99921
  [ep 35 step 59150] loss=4.7958 feat_std=0.0218 lr=0.00008 m=0.99921
  [ep 35 step 59200] loss=4.6950 feat_std=0.0218 lr=0.00008 m=0.99921
  [ep 35 step 59250] loss=4.7041 feat_std=0.0219 lr=0.00008 m=0.99922
  [ep 35 step 59300] loss=4.7003 feat_std=0.0220 lr=0.00008 m=0.99922
  [ep 35 step 59350] loss=4.6513 feat_std=0.0222 lr=0.00008 m=0.99922
  [ep 35 step 59400] loss=4.7164 feat_std=0.0219 lr=0.00008 m=0.99922
  [ep 35 step 59450] loss=4.7393 feat_std=0.0220 lr=0.00008 m=0.99923
  [ep 35 step 59500] loss=4.7136 feat_std=0.0220 lr=0.00008 m=0.99923
  [ep 35 step 59550] loss=4.6920 feat_std=0.0221 lr=0.00008 m=0.99923
  [ep 35 step 59600] loss=4.7090 feat_std=0.0221 lr=0.00008 m=0.99924
  [ep 35 step 59650] loss=4.6797 feat_std=0.0223 lr=0.00008 m=0.99924
  [ep 35 step 59700] loss=4.7156 feat_std=0.0218 lr=0.00008 m=0.99924
  [ep 35 step 59750] loss=4.6837 feat_std=0.0217 lr=0.00008 m=0.99924
  [ep 35 step 59800] loss=4.7118 feat_std=0.0220 lr=0.00008 m=0.99925
  [ep 35 step 59850] loss=4.7482 feat_std=0.0220 lr=0.00008 m=0.99925
  [ep 35 step 59900] loss=4.7527 feat_std=0.0219 lr=0.00008 m=0.99925
  [ep 35 step 59950] loss=4.7220 feat_std=0.0217 lr=0.00008 m=0.99926
  [ep 35 step 60000] loss=4.7510 feat_std=0.0221 lr=0.00008 m=0.99926
  [ep 35 step 60050] loss=4.6959 feat_std=0.0222 lr=0.00008 m=0.99926
  [ep 35 step 60100] loss=4.6969 feat_std=0.0219 lr=0.00008 m=0.99927
  [ep 35 step 60150] loss=4.6993 feat_std=0.0217 lr=0.00008 m=0.99927
  [ep 35 step 60200] loss=4.6718 feat_std=0.0222 lr=0.00008 m=0.99927
  [ep 35 step 60250] loss=4.6806 feat_std=0.0220 lr=0.00008 m=0.99927
  [ep 36 step 60300] loss=4.6650 feat_std=0.0218 lr=0.00008 m=0.99928
  [ep 36 step 60350] loss=4.7857 feat_std=0.0218 lr=0.00008 m=0.99928
  [ep 36 step 60400] loss=4.7335 feat_std=0.0220 lr=0.00008 m=0.99928
  [ep 36 step 60450] loss=4.6936 feat_std=0.0219 lr=0.00008 m=0.99929
  [ep 36 step 60500] loss=4.7031 feat_std=0.0219 lr=0.00007 m=0.99929
  [ep 36 step 60550] loss=4.7454 feat_std=0.0217 lr=0.00007 m=0.99929
  [ep 36 step 60600] loss=4.7681 feat_std=0.0222 lr=0.00007 m=0.99929
  [ep 36 step 60650] loss=4.7147 feat_std=0.0219 lr=0.00007 m=0.99930
  [ep 36 step 60700] loss=4.7252 feat_std=0.0219 lr=0.00007 m=0.99930
  [ep 36 step 60750] loss=4.6856 feat_std=0.0221 lr=0.00007 m=0.99930
  [ep 36 step 60800] loss=4.7719 feat_std=0.0218 lr=0.00007 m=0.99931
  [ep 36 step 60850] loss=4.7025 feat_std=0.0220 lr=0.00007 m=0.99931
  [ep 36 step 60900] loss=4.7511 feat_std=0.0220 lr=0.00007 m=0.99931
  [ep 36 step 60950] loss=4.6955 feat_std=0.0222 lr=0.00007 m=0.99931
  [ep 36 step 61000] loss=4.7073 feat_std=0.0223 lr=0.00007 m=0.99932
  [ep 36 step 61050] loss=4.6685 feat_std=0.0218 lr=0.00007 m=0.99932
  [ep 36 step 61100] loss=4.7528 feat_std=0.0220 lr=0.00007 m=0.99932
  [ep 36 step 61150] loss=4.7193 feat_std=0.0220 lr=0.00007 m=0.99933
  [ep 36 step 61200] loss=4.7329 feat_std=0.0220 lr=0.00007 m=0.99933
  [ep 36 step 61250] loss=4.7292 feat_std=0.0219 lr=0.00007 m=0.99933
  [ep 36 step 61300] loss=4.7422 feat_std=0.0219 lr=0.00007 m=0.99933
  [ep 36 step 61350] loss=4.7228 feat_std=0.0219 lr=0.00007 m=0.99934
  [ep 36 step 61400] loss=4.7123 feat_std=0.0223 lr=0.00007 m=0.99934
  [ep 36 step 61450] loss=4.7178 feat_std=0.0221 lr=0.00007 m=0.99934
  [ep 36 step 61500] loss=4.7312 feat_std=0.0218 lr=0.00007 m=0.99934
  [ep 36 step 61550] loss=4.6412 feat_std=0.0218 lr=0.00007 m=0.99935
  [ep 36 step 61600] loss=4.7197 feat_std=0.0219 lr=0.00007 m=0.99935
  [ep 36 step 61650] loss=4.7448 feat_std=0.0220 lr=0.00007 m=0.99935
  [ep 36 step 61700] loss=4.6698 feat_std=0.0219 lr=0.00007 m=0.99936
  [ep 36 step 61750] loss=4.7321 feat_std=0.0220 lr=0.00007 m=0.99936
  [ep 36 step 61800] loss=4.7095 feat_std=0.0220 lr=0.00007 m=0.99936
  [ep 36 step 61850] loss=4.7346 feat_std=0.0220 lr=0.00007 m=0.99936
  [ep 36 step 61900] loss=4.6956 feat_std=0.0222 lr=0.00007 m=0.99937
  [ep 37 step 61950] loss=4.7186 feat_std=0.0221 lr=0.00007 m=0.99937
  [ep 37 step 62000] loss=4.7064 feat_std=0.0222 lr=0.00007 m=0.99937
  [ep 37 step 62050] loss=4.7283 feat_std=0.0219 lr=0.00007 m=0.99938
  [ep 37 step 62100] loss=4.7454 feat_std=0.0218 lr=0.00007 m=0.99938
  [ep 37 step 62150] loss=4.7044 feat_std=0.0220 lr=0.00007 m=0.99938
  [ep 37 step 62200] loss=4.7347 feat_std=0.0222 lr=0.00006 m=0.99938
  [ep 37 step 62250] loss=4.6899 feat_std=0.0217 lr=0.00006 m=0.99939
  [ep 37 step 62300] loss=4.7420 feat_std=0.0220 lr=0.00006 m=0.99939
  [ep 37 step 62350] loss=4.7454 feat_std=0.0220 lr=0.00006 m=0.99939
  [ep 37 step 62400] loss=4.6817 feat_std=0.0221 lr=0.00006 m=0.99939
  [ep 37 step 62450] loss=4.6623 feat_std=0.0219 lr=0.00006 m=0.99940
  [ep 37 step 62500] loss=4.7456 feat_std=0.0220 lr=0.00006 m=0.99940
  [ep 37 step 62550] loss=4.7025 feat_std=0.0220 lr=0.00006 m=0.99940
  [ep 37 step 62600] loss=4.7211 feat_std=0.0220 lr=0.00006 m=0.99940
  [ep 37 step 62650] loss=4.6828 feat_std=0.0221 lr=0.00006 m=0.99941
  [ep 37 step 62700] loss=4.6709 feat_std=0.0220 lr=0.00006 m=0.99941
  [ep 37 step 62750] loss=4.6936 feat_std=0.0219 lr=0.00006 m=0.99941
  [ep 37 step 62800] loss=4.7255 feat_std=0.0219 lr=0.00006 m=0.99942
  [ep 37 step 62850] loss=4.7612 feat_std=0.0221 lr=0.00006 m=0.99942
  [ep 37 step 62900] loss=4.6530 feat_std=0.0220 lr=0.00006 m=0.99942
  [ep 37 step 62950] loss=4.7361 feat_std=0.0220 lr=0.00006 m=0.99942
  [ep 37 step 63000] loss=4.6768 feat_std=0.0221 lr=0.00006 m=0.99943
  [ep 37 step 63050] loss=4.7383 feat_std=0.0222 lr=0.00006 m=0.99943
  [ep 37 step 63100] loss=4.7283 feat_std=0.0220 lr=0.00006 m=0.99943
  [ep 37 step 63150] loss=4.7177 feat_std=0.0222 lr=0.00006 m=0.99943
  [ep 37 step 63200] loss=4.6502 feat_std=0.0220 lr=0.00006 m=0.99944
  [ep 37 step 63250] loss=4.7231 feat_std=0.0214 lr=0.00006 m=0.99944
  [ep 37 step 63300] loss=4.6915 feat_std=0.0220 lr=0.00006 m=0.99944
  [ep 37 step 63350] loss=4.7181 feat_std=0.0221 lr=0.00006 m=0.99944
  [ep 37 step 63400] loss=4.6985 feat_std=0.0219 lr=0.00006 m=0.99945
  [ep 37 step 63450] loss=4.7569 feat_std=0.0220 lr=0.00006 m=0.99945
  [ep 37 step 63500] loss=4.6960 feat_std=0.0219 lr=0.00006 m=0.99945
  [ep 37 step 63550] loss=4.7266 feat_std=0.0223 lr=0.00006 m=0.99945
  [ep 37 step 63600] loss=4.7082 feat_std=0.0219 lr=0.00006 m=0.99946
  [ep 38 step 63650] loss=4.7168 feat_std=0.0217 lr=0.00006 m=0.99946
  [ep 38 step 63700] loss=4.7802 feat_std=0.0219 lr=0.00006 m=0.99946
  [ep 38 step 63750] loss=4.6616 feat_std=0.0220 lr=0.00006 m=0.99947
  [ep 38 step 63800] loss=4.7383 feat_std=0.0224 lr=0.00006 m=0.99947
  [ep 38 step 63850] loss=4.7220 feat_std=0.0220 lr=0.00006 m=0.99947
  [ep 38 step 63900] loss=4.7521 feat_std=0.0218 lr=0.00006 m=0.99947
  [ep 38 step 63950] loss=4.6572 feat_std=0.0222 lr=0.00006 m=0.99948
  [ep 38 step 64000] loss=4.7091 feat_std=0.0219 lr=0.00006 m=0.99948
  [ep 38 step 64050] loss=4.7051 feat_std=0.0218 lr=0.00005 m=0.99948
  [ep 38 step 64100] loss=4.6643 feat_std=0.0219 lr=0.00005 m=0.99948
  [ep 38 step 64150] loss=4.6861 feat_std=0.0220 lr=0.00005 m=0.99949
  [ep 38 step 64200] loss=4.7515 feat_std=0.0218 lr=0.00005 m=0.99949
  [ep 38 step 64250] loss=4.7344 feat_std=0.0222 lr=0.00005 m=0.99949
  [ep 38 step 64300] loss=4.6995 feat_std=0.0218 lr=0.00005 m=0.99949
  [ep 38 step 64350] loss=4.6934 feat_std=0.0223 lr=0.00005 m=0.99950
  [ep 38 step 64400] loss=4.6920 feat_std=0.0222 lr=0.00005 m=0.99950
  [ep 38 step 64450] loss=4.7320 feat_std=0.0221 lr=0.00005 m=0.99950
  [ep 38 step 64500] loss=4.7519 feat_std=0.0219 lr=0.00005 m=0.99950
  [ep 38 step 64550] loss=4.7208 feat_std=0.0223 lr=0.00005 m=0.99951
  [ep 38 step 64600] loss=4.6855 feat_std=0.0218 lr=0.00005 m=0.99951
  [ep 38 step 64650] loss=4.7838 feat_std=0.0220 lr=0.00005 m=0.99951
  [ep 38 step 64700] loss=4.7410 feat_std=0.0220 lr=0.00005 m=0.99951
  [ep 38 step 64750] loss=4.6646 feat_std=0.0220 lr=0.00005 m=0.99952
  [ep 38 step 64800] loss=4.7319 feat_std=0.0219 lr=0.00005 m=0.99952
  [ep 38 step 64850] loss=4.7261 feat_std=0.0219 lr=0.00005 m=0.99952
  [ep 38 step 64900] loss=4.7213 feat_std=0.0219 lr=0.00005 m=0.99952
  [ep 38 step 64950] loss=4.6786 feat_std=0.0222 lr=0.00005 m=0.99952
  [ep 38 step 65000] loss=4.7307 feat_std=0.0219 lr=0.00005 m=0.99953
  [ep 38 step 65050] loss=4.6898 feat_std=0.0221 lr=0.00005 m=0.99953
  [ep 38 step 65100] loss=4.7085 feat_std=0.0219 lr=0.00005 m=0.99953
  [ep 38 step 65150] loss=4.6636 feat_std=0.0220 lr=0.00005 m=0.99953
  [ep 38 step 65200] loss=4.7306 feat_std=0.0222 lr=0.00005 m=0.99954
  [ep 38 step 65250] loss=4.6951 feat_std=0.0221 lr=0.00005 m=0.99954
  [ep 39 step 65300] loss=4.7234 feat_std=0.0221 lr=0.00005 m=0.99954
  [ep 39 step 65350] loss=4.7541 feat_std=0.0219 lr=0.00005 m=0.99954
  [ep 39 step 65400] loss=4.7029 feat_std=0.0220 lr=0.00005 m=0.99955
  [ep 39 step 65450] loss=4.6791 feat_std=0.0220 lr=0.00005 m=0.99955
  [ep 39 step 65500] loss=4.7018 feat_std=0.0220 lr=0.00005 m=0.99955
  [ep 39 step 65550] loss=4.7619 feat_std=0.0219 lr=0.00005 m=0.99955
  [ep 39 step 65600] loss=4.7972 feat_std=0.0220 lr=0.00005 m=0.99956
  [ep 39 step 65650] loss=4.7803 feat_std=0.0221 lr=0.00005 m=0.99956
  [ep 39 step 65700] loss=4.6904 feat_std=0.0219 lr=0.00005 m=0.99956
  [ep 39 step 65750] loss=4.6544 feat_std=0.0218 lr=0.00005 m=0.99956
  [ep 39 step 65800] loss=4.6384 feat_std=0.0222 lr=0.00005 m=0.99957
  [ep 39 step 65850] loss=4.6860 feat_std=0.0221 lr=0.00005 m=0.99957
  [ep 39 step 65900] loss=4.6683 feat_std=0.0222 lr=0.00005 m=0.99957
  [ep 39 step 65950] loss=4.7966 feat_std=0.0219 lr=0.00005 m=0.99957
  [ep 39 step 66000] loss=4.6868 feat_std=0.0222 lr=0.00004 m=0.99957
  [ep 39 step 66050] loss=4.7750 feat_std=0.0220 lr=0.00004 m=0.99958
  [ep 39 step 66100] loss=4.6758 feat_std=0.0219 lr=0.00004 m=0.99958
  [ep 39 step 66150] loss=4.7351 feat_std=0.0221 lr=0.00004 m=0.99958
  [ep 39 step 66200] loss=4.7163 feat_std=0.0219 lr=0.00004 m=0.99958
  [ep 39 step 66250] loss=4.6677 feat_std=0.0223 lr=0.00004 m=0.99959
  [ep 39 step 66300] loss=4.6896 feat_std=0.0221 lr=0.00004 m=0.99959
  [ep 39 step 66350] loss=4.6465 feat_std=0.0222 lr=0.00004 m=0.99959
  [ep 39 step 66400] loss=4.7293 feat_std=0.0216 lr=0.00004 m=0.99959
  [ep 39 step 66450] loss=4.6992 feat_std=0.0220 lr=0.00004 m=0.99960
  [ep 39 step 66500] loss=4.7077 feat_std=0.0218 lr=0.00004 m=0.99960
  [ep 39 step 66550] loss=4.6991 feat_std=0.0220 lr=0.00004 m=0.99960
  [ep 39 step 66600] loss=4.6845 feat_std=0.0219 lr=0.00004 m=0.99960
  [ep 39 step 66650] loss=4.6843 feat_std=0.0220 lr=0.00004 m=0.99960
  [ep 39 step 66700] loss=4.6956 feat_std=0.0221 lr=0.00004 m=0.99961
  [ep 39 step 66750] loss=4.7341 feat_std=0.0219 lr=0.00004 m=0.99961
  [ep 39 step 66800] loss=4.6703 feat_std=0.0219 lr=0.00004 m=0.99961
  [ep 39 step 66850] loss=4.7079 feat_std=0.0220 lr=0.00004 m=0.99961
  [ep 39 step 66900] loss=4.6850 feat_std=0.0220 lr=0.00004 m=0.99962
  [ep 39 step 66950] loss=4.7060 feat_std=0.0221 lr=0.00004 m=0.99962
  [ep 40 step 67000] loss=4.6963 feat_std=0.0220 lr=0.00004 m=0.99962
  [ep 40 step 67050] loss=4.7149 feat_std=0.0221 lr=0.00004 m=0.99962
  [ep 40 step 67100] loss=4.7013 feat_std=0.0219 lr=0.00004 m=0.99962
  [ep 40 step 67150] loss=4.7484 feat_std=0.0220 lr=0.00004 m=0.99963
  [ep 40 step 67200] loss=4.6762 feat_std=0.0220 lr=0.00004 m=0.99963
  [ep 40 step 67250] loss=4.6512 feat_std=0.0223 lr=0.00004 m=0.99963
  [ep 40 step 67300] loss=4.7269 feat_std=0.0219 lr=0.00004 m=0.99963
  [ep 40 step 67350] loss=4.6350 feat_std=0.0220 lr=0.00004 m=0.99964
  [ep 40 step 67400] loss=4.6852 feat_std=0.0221 lr=0.00004 m=0.99964
  [ep 40 step 67450] loss=4.6720 feat_std=0.0222 lr=0.00004 m=0.99964
  [ep 40 step 67500] loss=4.6772 feat_std=0.0220 lr=0.00004 m=0.99964
  [ep 40 step 67550] loss=4.7425 feat_std=0.0218 lr=0.00004 m=0.99964
  [ep 40 step 67600] loss=4.7494 feat_std=0.0220 lr=0.00004 m=0.99965
  [ep 40 step 67650] loss=4.7526 feat_std=0.0219 lr=0.00004 m=0.99965
  [ep 40 step 67700] loss=4.7024 feat_std=0.0223 lr=0.00004 m=0.99965
  [ep 40 step 67750] loss=4.7046 feat_std=0.0220 lr=0.00004 m=0.99965
  [ep 40 step 67800] loss=4.7748 feat_std=0.0220 lr=0.00004 m=0.99965
  [ep 40 step 67850] loss=4.7232 feat_std=0.0220 lr=0.00004 m=0.99966
  [ep 40 step 67900] loss=4.6979 feat_std=0.0219 lr=0.00004 m=0.99966
  [ep 40 step 67950] loss=4.7006 feat_std=0.0220 lr=0.00004 m=0.99966
  [ep 40 step 68000] loss=4.6818 feat_std=0.0220 lr=0.00004 m=0.99966
  [ep 40 step 68050] loss=4.6537 feat_std=0.0220 lr=0.00004 m=0.99966
  [ep 40 step 68100] loss=4.7140 feat_std=0.0221 lr=0.00004 m=0.99967
  [ep 40 step 68150] loss=4.7218 feat_std=0.0220 lr=0.00003 m=0.99967
  [ep 40 step 68200] loss=4.6661 feat_std=0.0219 lr=0.00003 m=0.99967
  [ep 40 step 68250] loss=4.7595 feat_std=0.0219 lr=0.00003 m=0.99967
  [ep 40 step 68300] loss=4.6980 feat_std=0.0217 lr=0.00003 m=0.99968
  [ep 40 step 68350] loss=4.7151 feat_std=0.0217 lr=0.00003 m=0.99968
  [ep 40 step 68400] loss=4.6762 feat_std=0.0219 lr=0.00003 m=0.99968
  [ep 40 step 68450] loss=4.7015 feat_std=0.0220 lr=0.00003 m=0.99968
  [ep 40 step 68500] loss=4.7232 feat_std=0.0219 lr=0.00003 m=0.99968
  [ep 40 step 68550] loss=4.6785 feat_std=0.0222 lr=0.00003 m=0.99969
  [ep 40 step 68600] loss=4.7508 feat_std=0.0218 lr=0.00003 m=0.99969
  [ep 41 step 68650] loss=4.6651 feat_std=0.0221 lr=0.00003 m=0.99969
  [ep 41 step 68700] loss=4.7136 feat_std=0.0221 lr=0.00003 m=0.99969
  [ep 41 step 68750] loss=4.6555 feat_std=0.0220 lr=0.00003 m=0.99969
  [ep 41 step 68800] loss=4.6728 feat_std=0.0220 lr=0.00003 m=0.99970
  [ep 41 step 68850] loss=4.6843 feat_std=0.0218 lr=0.00003 m=0.99970
  [ep 41 step 68900] loss=4.6998 feat_std=0.0221 lr=0.00003 m=0.99970
  [ep 41 step 68950] loss=4.6868 feat_std=0.0219 lr=0.00003 m=0.99970
  [ep 41 step 69000] loss=4.7102 feat_std=0.0219 lr=0.00003 m=0.99970
  [ep 41 step 69050] loss=4.7234 feat_std=0.0218 lr=0.00003 m=0.99971
  [ep 41 step 69100] loss=4.7583 feat_std=0.0221 lr=0.00003 m=0.99971
  [ep 41 step 69150] loss=4.6986 feat_std=0.0218 lr=0.00003 m=0.99971
  [ep 41 step 69200] loss=4.6704 feat_std=0.0221 lr=0.00003 m=0.99971
  [ep 41 step 69250] loss=4.7100 feat_std=0.0221 lr=0.00003 m=0.99971
  [ep 41 step 69300] loss=4.6877 feat_std=0.0221 lr=0.00003 m=0.99971
  [ep 41 step 69350] loss=4.6809 feat_std=0.0223 lr=0.00003 m=0.99972
  [ep 41 step 69400] loss=4.7410 feat_std=0.0218 lr=0.00003 m=0.99972
  [ep 41 step 69450] loss=4.7102 feat_std=0.0220 lr=0.00003 m=0.99972
  [ep 41 step 69500] loss=4.7334 feat_std=0.0217 lr=0.00003 m=0.99972
  [ep 41 step 69550] loss=4.7174 feat_std=0.0219 lr=0.00003 m=0.99972
  [ep 41 step 69600] loss=4.7546 feat_std=0.0219 lr=0.00003 m=0.99973
  [ep 41 step 69650] loss=4.6668 feat_std=0.0219 lr=0.00003 m=0.99973
  [ep 41 step 69700] loss=4.7110 feat_std=0.0221 lr=0.00003 m=0.99973
  [ep 41 step 69750] loss=4.6751 feat_std=0.0219 lr=0.00003 m=0.99973
  [ep 41 step 69800] loss=4.7241 feat_std=0.0219 lr=0.00003 m=0.99973
  [ep 41 step 69850] loss=4.6784 feat_std=0.0221 lr=0.00003 m=0.99974
  [ep 41 step 69900] loss=4.7184 feat_std=0.0219 lr=0.00003 m=0.99974
  [ep 41 step 69950] loss=4.7112 feat_std=0.0221 lr=0.00003 m=0.99974
  [ep 41 step 70000] loss=4.7570 feat_std=0.0222 lr=0.00003 m=0.99974
  [ep 41 step 70050] loss=4.7399 feat_std=0.0219 lr=0.00003 m=0.99974
  [ep 41 step 70100] loss=4.6815 feat_std=0.0222 lr=0.00003 m=0.99975
  [ep 41 step 70150] loss=4.6957 feat_std=0.0220 lr=0.00003 m=0.99975
  [ep 41 step 70200] loss=4.6909 feat_std=0.0220 lr=0.00003 m=0.99975
  [ep 41 step 70250] loss=4.7039 feat_std=0.0222 lr=0.00003 m=0.99975
  [ep 41 step 70300] loss=4.7127 feat_std=0.0219 lr=0.00003 m=0.99975
  [ep 42 step 70350] loss=4.7121 feat_std=0.0218 lr=0.00003 m=0.99975
  [ep 42 step 70400] loss=4.7021 feat_std=0.0219 lr=0.00003 m=0.99976
  [ep 42 step 70450] loss=4.7267 feat_std=0.0220 lr=0.00003 m=0.99976
  [ep 42 step 70500] loss=4.7056 feat_std=0.0221 lr=0.00003 m=0.99976
  [ep 42 step 70550] loss=4.7386 feat_std=0.0218 lr=0.00003 m=0.99976
  [ep 42 step 70600] loss=4.6912 feat_std=0.0220 lr=0.00003 m=0.99976
  [ep 42 step 70650] loss=4.7400 feat_std=0.0218 lr=0.00002 m=0.99976
  [ep 42 step 70700] loss=4.7195 feat_std=0.0219 lr=0.00002 m=0.99977
  [ep 42 step 70750] loss=4.6847 feat_std=0.0217 lr=0.00002 m=0.99977
  [ep 42 step 70800] loss=4.7397 feat_std=0.0220 lr=0.00002 m=0.99977
  [ep 42 step 70850] loss=4.6822 feat_std=0.0217 lr=0.00002 m=0.99977
  [ep 42 step 70900] loss=4.7499 feat_std=0.0217 lr=0.00002 m=0.99977
  [ep 42 step 70950] loss=4.6908 feat_std=0.0219 lr=0.00002 m=0.99978
  [ep 42 step 71000] loss=4.6448 feat_std=0.0220 lr=0.00002 m=0.99978
  [ep 42 step 71050] loss=4.7169 feat_std=0.0220 lr=0.00002 m=0.99978
  [ep 42 step 71100] loss=4.7234 feat_std=0.0219 lr=0.00002 m=0.99978
  [ep 42 step 71150] loss=4.6850 feat_std=0.0219 lr=0.00002 m=0.99978
  [ep 42 step 71200] loss=4.7166 feat_std=0.0217 lr=0.00002 m=0.99978
  [ep 42 step 71250] loss=4.7322 feat_std=0.0219 lr=0.00002 m=0.99979
  [ep 42 step 71300] loss=4.6841 feat_std=0.0219 lr=0.00002 m=0.99979
  [ep 42 step 71350] loss=4.7027 feat_std=0.0220 lr=0.00002 m=0.99979
  [ep 42 step 71400] loss=4.6612 feat_std=0.0222 lr=0.00002 m=0.99979
  [ep 42 step 71450] loss=4.7334 feat_std=0.0222 lr=0.00002 m=0.99979
  [ep 42 step 71500] loss=4.6579 feat_std=0.0219 lr=0.00002 m=0.99979
  [ep 42 step 71550] loss=4.7301 feat_std=0.0219 lr=0.00002 m=0.99980
  [ep 42 step 71600] loss=4.6319 feat_std=0.0221 lr=0.00002 m=0.99980
  [ep 42 step 71650] loss=4.7043 feat_std=0.0220 lr=0.00002 m=0.99980
  [ep 42 step 71700] loss=4.6676 feat_std=0.0222 lr=0.00002 m=0.99980
  [ep 42 step 71750] loss=4.6669 feat_std=0.0218 lr=0.00002 m=0.99980
  [ep 42 step 71800] loss=4.7321 feat_std=0.0218 lr=0.00002 m=0.99980
  [ep 42 step 71850] loss=4.6623 feat_std=0.0218 lr=0.00002 m=0.99981
  [ep 42 step 71900] loss=4.7278 feat_std=0.0219 lr=0.00002 m=0.99981
  [ep 42 step 71950] loss=4.6621 feat_std=0.0220 lr=0.00002 m=0.99981
  [ep 43 step 72000] loss=4.6532 feat_std=0.0219 lr=0.00002 m=0.99981
  [ep 43 step 72050] loss=4.7337 feat_std=0.0219 lr=0.00002 m=0.99981
  [ep 43 step 72100] loss=4.7160 feat_std=0.0219 lr=0.00002 m=0.99981
  [ep 43 step 72150] loss=4.6962 feat_std=0.0219 lr=0.00002 m=0.99981
  [ep 43 step 72200] loss=4.7189 feat_std=0.0223 lr=0.00002 m=0.99982
  [ep 43 step 72250] loss=4.6856 feat_std=0.0220 lr=0.00002 m=0.99982
  [ep 43 step 72300] loss=4.6765 feat_std=0.0219 lr=0.00002 m=0.99982
  [ep 43 step 72350] loss=4.7364 feat_std=0.0222 lr=0.00002 m=0.99982
  [ep 43 step 72400] loss=4.6798 feat_std=0.0222 lr=0.00002 m=0.99982
  [ep 43 step 72450] loss=4.7132 feat_std=0.0221 lr=0.00002 m=0.99982
  [ep 43 step 72500] loss=4.7057 feat_std=0.0221 lr=0.00002 m=0.99983
  [ep 43 step 72550] loss=4.7232 feat_std=0.0219 lr=0.00002 m=0.99983
  [ep 43 step 72600] loss=4.6733 feat_std=0.0219 lr=0.00002 m=0.99983
  [ep 43 step 72650] loss=4.7054 feat_std=0.0217 lr=0.00002 m=0.99983
  [ep 43 step 72700] loss=4.6871 feat_std=0.0220 lr=0.00002 m=0.99983
  [ep 43 step 72750] loss=4.6933 feat_std=0.0218 lr=0.00002 m=0.99983
  [ep 43 step 72800] loss=4.7507 feat_std=0.0220 lr=0.00002 m=0.99983
  [ep 43 step 72850] loss=4.6586 feat_std=0.0217 lr=0.00002 m=0.99984
  [ep 43 step 72900] loss=4.6703 feat_std=0.0222 lr=0.00002 m=0.99984
  [ep 43 step 72950] loss=4.7283 feat_std=0.0220 lr=0.00002 m=0.99984
  [ep 43 step 73000] loss=4.7027 feat_std=0.0221 lr=0.00002 m=0.99984
  [ep 43 step 73050] loss=4.6810 feat_std=0.0222 lr=0.00002 m=0.99984
  [ep 43 step 73100] loss=4.6781 feat_std=0.0221 lr=0.00002 m=0.99984
  [ep 43 step 73150] loss=4.7638 feat_std=0.0217 lr=0.00002 m=0.99985
  [ep 43 step 73200] loss=4.7126 feat_std=0.0219 lr=0.00002 m=0.99985
  [ep 43 step 73250] loss=4.7289 feat_std=0.0218 lr=0.00002 m=0.99985
  [ep 43 step 73300] loss=4.6743 feat_std=0.0218 lr=0.00002 m=0.99985
  [ep 43 step 73350] loss=4.7263 feat_std=0.0220 lr=0.00002 m=0.99985
  [ep 43 step 73400] loss=4.7034 feat_std=0.0218 lr=0.00002 m=0.99985
  [ep 43 step 73450] loss=4.6523 feat_std=0.0224 lr=0.00002 m=0.99985
  [ep 43 step 73500] loss=4.6992 feat_std=0.0219 lr=0.00002 m=0.99986
  [ep 43 step 73550] loss=4.7287 feat_std=0.0219 lr=0.00002 m=0.99986
  [ep 43 step 73600] loss=4.6826 feat_std=0.0221 lr=0.00002 m=0.99986
  [ep 43 step 73650] loss=4.6390 feat_std=0.0219 lr=0.00001 m=0.99986
  [ep 44 step 73700] loss=4.6708 feat_std=0.0219 lr=0.00001 m=0.99986
  [ep 44 step 73750] loss=4.7738 feat_std=0.0220 lr=0.00001 m=0.99986
  [ep 44 step 73800] loss=4.7409 feat_std=0.0217 lr=0.00001 m=0.99986
  [ep 44 step 73850] loss=4.7174 feat_std=0.0219 lr=0.00001 m=0.99986
  [ep 44 step 73900] loss=4.7050 feat_std=0.0220 lr=0.00001 m=0.99987
  [ep 44 step 73950] loss=4.7173 feat_std=0.0220 lr=0.00001 m=0.99987
  [ep 44 step 74000] loss=4.7608 feat_std=0.0220 lr=0.00001 m=0.99987
  [ep 44 step 74050] loss=4.6991 feat_std=0.0219 lr=0.00001 m=0.99987
  [ep 44 step 74100] loss=4.6782 feat_std=0.0219 lr=0.00001 m=0.99987
  [ep 44 step 74150] loss=4.6823 feat_std=0.0218 lr=0.00001 m=0.99987
  [ep 44 step 74200] loss=4.6412 feat_std=0.0220 lr=0.00001 m=0.99987
  [ep 44 step 74250] loss=4.7352 feat_std=0.0222 lr=0.00001 m=0.99988
  [ep 44 step 74300] loss=4.6725 feat_std=0.0221 lr=0.00001 m=0.99988
  [ep 44 step 74350] loss=4.7078 feat_std=0.0218 lr=0.00001 m=0.99988
  [ep 44 step 74400] loss=4.7012 feat_std=0.0220 lr=0.00001 m=0.99988
  [ep 44 step 74450] loss=4.7153 feat_std=0.0220 lr=0.00001 m=0.99988
  [ep 44 step 74500] loss=4.6448 feat_std=0.0222 lr=0.00001 m=0.99988
  [ep 44 step 74550] loss=4.7244 feat_std=0.0221 lr=0.00001 m=0.99988
  [ep 44 step 74600] loss=4.6769 feat_std=0.0221 lr=0.00001 m=0.99988
  [ep 44 step 74650] loss=4.7758 feat_std=0.0220 lr=0.00001 m=0.99989
  [ep 44 step 74700] loss=4.6668 feat_std=0.0220 lr=0.00001 m=0.99989
  [ep 44 step 74750] loss=4.7372 feat_std=0.0220 lr=0.00001 m=0.99989
  [ep 44 step 74800] loss=4.6923 feat_std=0.0220 lr=0.00001 m=0.99989
  [ep 44 step 74850] loss=4.7372 feat_std=0.0220 lr=0.00001 m=0.99989
  [ep 44 step 74900] loss=4.7357 feat_std=0.0218 lr=0.00001 m=0.99989
  [ep 44 step 74950] loss=4.7306 feat_std=0.0221 lr=0.00001 m=0.99989
  [ep 44 step 75000] loss=4.7084 feat_std=0.0222 lr=0.00001 m=0.99989
  [ep 44 step 75050] loss=4.6984 feat_std=0.0222 lr=0.00001 m=0.99990
  [ep 44 step 75100] loss=4.7081 feat_std=0.0217 lr=0.00001 m=0.99990
  [ep 44 step 75150] loss=4.7221 feat_std=0.0219 lr=0.00001 m=0.99990
  [ep 44 step 75200] loss=4.7768 feat_std=0.0221 lr=0.00001 m=0.99990
  [ep 44 step 75250] loss=4.6957 feat_std=0.0221 lr=0.00001 m=0.99990
  [ep 44 step 75300] loss=4.6382 feat_std=0.0219 lr=0.00001 m=0.99990
  [ep 45 step 75350] loss=4.6897 feat_std=0.0220 lr=0.00001 m=0.99990
  [ep 45 step 75400] loss=4.7208 feat_std=0.0220 lr=0.00001 m=0.99990
  [ep 45 step 75450] loss=4.6935 feat_std=0.0217 lr=0.00001 m=0.99990
  [ep 45 step 75500] loss=4.6901 feat_std=0.0220 lr=0.00001 m=0.99991
  [ep 45 step 75550] loss=4.7115 feat_std=0.0219 lr=0.00001 m=0.99991
  [ep 45 step 75600] loss=4.7046 feat_std=0.0221 lr=0.00001 m=0.99991
  [ep 45 step 75650] loss=4.7203 feat_std=0.0219 lr=0.00001 m=0.99991
  [ep 45 step 75700] loss=4.7158 feat_std=0.0220 lr=0.00001 m=0.99991
  [ep 45 step 75750] loss=4.6434 feat_std=0.0222 lr=0.00001 m=0.99991
  [ep 45 step 75800] loss=4.6960 feat_std=0.0219 lr=0.00001 m=0.99991
  [ep 45 step 75850] loss=4.7297 feat_std=0.0220 lr=0.00001 m=0.99991
  [ep 45 step 75900] loss=4.6640 feat_std=0.0222 lr=0.00001 m=0.99991
  [ep 45 step 75950] loss=4.6974 feat_std=0.0220 lr=0.00001 m=0.99992
  [ep 45 step 76000] loss=4.7029 feat_std=0.0221 lr=0.00001 m=0.99992
  [ep 45 step 76050] loss=4.7940 feat_std=0.0222 lr=0.00001 m=0.99992
  [ep 45 step 76100] loss=4.6875 feat_std=0.0217 lr=0.00001 m=0.99992
  [ep 45 step 76150] loss=4.7195 feat_std=0.0220 lr=0.00001 m=0.99992
  [ep 45 step 76200] loss=4.7533 feat_std=0.0220 lr=0.00001 m=0.99992
  [ep 45 step 76250] loss=4.6696 feat_std=0.0220 lr=0.00001 m=0.99992
  [ep 45 step 76300] loss=4.6979 feat_std=0.0220 lr=0.00001 m=0.99992
  [ep 45 step 76350] loss=4.6483 feat_std=0.0220 lr=0.00001 m=0.99992
  [ep 45 step 76400] loss=4.7237 feat_std=0.0218 lr=0.00001 m=0.99993
  [ep 45 step 76450] loss=4.6634 feat_std=0.0222 lr=0.00001 m=0.99993
  [ep 45 step 76500] loss=4.7364 feat_std=0.0219 lr=0.00001 m=0.99993
  [ep 45 step 76550] loss=4.7123 feat_std=0.0219 lr=0.00001 m=0.99993
  [ep 45 step 76600] loss=4.6100 feat_std=0.0220 lr=0.00001 m=0.99993
  [ep 45 step 76650] loss=4.6623 feat_std=0.0219 lr=0.00001 m=0.99993
  [ep 45 step 76700] loss=4.6539 feat_std=0.0220 lr=0.00001 m=0.99993
  [ep 45 step 76750] loss=4.7757 feat_std=0.0220 lr=0.00001 m=0.99993
  [ep 45 step 76800] loss=4.7452 feat_std=0.0219 lr=0.00001 m=0.99993
  [ep 45 step 76850] loss=4.6601 feat_std=0.0222 lr=0.00001 m=0.99993
  [ep 45 step 76900] loss=4.6972 feat_std=0.0219 lr=0.00001 m=0.99994
  [ep 45 step 76950] loss=4.7163 feat_std=0.0220 lr=0.00001 m=0.99994
  [ep 45 step 77000] loss=4.6896 feat_std=0.0218 lr=0.00001 m=0.99994
  [ep 46 step 77050] loss=4.7152 feat_std=0.0221 lr=0.00001 m=0.99994
  [ep 46 step 77100] loss=4.7232 feat_std=0.0219 lr=0.00001 m=0.99994
  [ep 46 step 77150] loss=4.7336 feat_std=0.0221 lr=0.00001 m=0.99994
  [ep 46 step 77200] loss=4.7056 feat_std=0.0223 lr=0.00001 m=0.99994
  [ep 46 step 77250] loss=4.6854 feat_std=0.0219 lr=0.00001 m=0.99994
  [ep 46 step 77300] loss=4.6907 feat_std=0.0220 lr=0.00001 m=0.99994
  [ep 46 step 77350] loss=4.7090 feat_std=0.0222 lr=0.00001 m=0.99994
  [ep 46 step 77400] loss=4.7306 feat_std=0.0220 lr=0.00001 m=0.99994
  [ep 46 step 77450] loss=4.6466 feat_std=0.0221 lr=0.00001 m=0.99995
  [ep 46 step 77500] loss=4.7379 feat_std=0.0222 lr=0.00001 m=0.99995
  [ep 46 step 77550] loss=4.7129 feat_std=0.0220 lr=0.00001 m=0.99995
  [ep 46 step 77600] loss=4.7398 feat_std=0.0222 lr=0.00001 m=0.99995
  [ep 46 step 77650] loss=4.6652 feat_std=0.0220 lr=0.00001 m=0.99995
  [ep 46 step 77700] loss=4.7116 feat_std=0.0219 lr=0.00001 m=0.99995
  [ep 46 step 77750] loss=4.6797 feat_std=0.0222 lr=0.00001 m=0.99995
  [ep 46 step 77800] loss=4.7246 feat_std=0.0216 lr=0.00001 m=0.99995
  [ep 46 step 77850] loss=4.7288 feat_std=0.0221 lr=0.00001 m=0.99995
  [ep 46 step 77900] loss=4.6967 feat_std=0.0219 lr=0.00001 m=0.99995
  [ep 46 step 77950] loss=4.6660 feat_std=0.0221 lr=0.00000 m=0.99995
  [ep 46 step 78000] loss=4.6809 feat_std=0.0221 lr=0.00000 m=0.99995
  [ep 46 step 78050] loss=4.6777 feat_std=0.0218 lr=0.00000 m=0.99996
  [ep 46 step 78100] loss=4.6902 feat_std=0.0218 lr=0.00000 m=0.99996
  [ep 46 step 78150] loss=4.7269 feat_std=0.0222 lr=0.00000 m=0.99996
  [ep 46 step 78200] loss=4.6137 feat_std=0.0219 lr=0.00000 m=0.99996
  [ep 46 step 78250] loss=4.7116 feat_std=0.0220 lr=0.00000 m=0.99996
  [ep 46 step 78300] loss=4.7067 feat_std=0.0220 lr=0.00000 m=0.99996
  [ep 46 step 78350] loss=4.7571 feat_std=0.0220 lr=0.00000 m=0.99996
  [ep 46 step 78400] loss=4.6712 feat_std=0.0219 lr=0.00000 m=0.99996
  [ep 46 step 78450] loss=4.6549 feat_std=0.0221 lr=0.00000 m=0.99996
  [ep 46 step 78500] loss=4.6813 feat_std=0.0219 lr=0.00000 m=0.99996
  [ep 46 step 78550] loss=4.7246 feat_std=0.0221 lr=0.00000 m=0.99996
  [ep 46 step 78600] loss=4.6883 feat_std=0.0221 lr=0.00000 m=0.99996
  [ep 46 step 78650] loss=4.6110 feat_std=0.0219 lr=0.00000 m=0.99996
  [ep 47 step 78700] loss=4.6564 feat_std=0.0221 lr=0.00000 m=0.99996
  [ep 47 step 78750] loss=4.7404 feat_std=0.0221 lr=0.00000 m=0.99997
  [ep 47 step 78800] loss=4.6991 feat_std=0.0217 lr=0.00000 m=0.99997
  [ep 47 step 78850] loss=4.7342 feat_std=0.0221 lr=0.00000 m=0.99997
  [ep 47 step 78900] loss=4.7248 feat_std=0.0220 lr=0.00000 m=0.99997
  [ep 47 step 78950] loss=4.6916 feat_std=0.0220 lr=0.00000 m=0.99997
  [ep 47 step 79000] loss=4.7057 feat_std=0.0218 lr=0.00000 m=0.99997
  [ep 47 step 79050] loss=4.6804 feat_std=0.0220 lr=0.00000 m=0.99997
  [ep 47 step 79100] loss=4.6914 feat_std=0.0219 lr=0.00000 m=0.99997
  [ep 47 step 79150] loss=4.6655 feat_std=0.0220 lr=0.00000 m=0.99997
  [ep 47 step 79200] loss=4.6742 feat_std=0.0221 lr=0.00000 m=0.99997
  [ep 47 step 79250] loss=4.6497 feat_std=0.0222 lr=0.00000 m=0.99997
  [ep 47 step 79300] loss=4.6768 feat_std=0.0221 lr=0.00000 m=0.99997
  [ep 47 step 79350] loss=4.6373 feat_std=0.0222 lr=0.00000 m=0.99997
  [ep 47 step 79400] loss=4.6833 feat_std=0.0220 lr=0.00000 m=0.99997
  [ep 47 step 79450] loss=4.6663 feat_std=0.0220 lr=0.00000 m=0.99997
  [ep 47 step 79500] loss=4.7009 feat_std=0.0217 lr=0.00000 m=0.99998
  [ep 47 step 79550] loss=4.6875 feat_std=0.0220 lr=0.00000 m=0.99998
  [ep 47 step 79600] loss=4.7021 feat_std=0.0221 lr=0.00000 m=0.99998
  [ep 47 step 79650] loss=4.6593 feat_std=0.0222 lr=0.00000 m=0.99998
  [ep 47 step 79700] loss=4.6933 feat_std=0.0216 lr=0.00000 m=0.99998
  [ep 47 step 79750] loss=4.6960 feat_std=0.0223 lr=0.00000 m=0.99998
  [ep 47 step 79800] loss=4.6008 feat_std=0.0220 lr=0.00000 m=0.99998
  [ep 47 step 79850] loss=4.7086 feat_std=0.0219 lr=0.00000 m=0.99998
  [ep 47 step 79900] loss=4.7483 feat_std=0.0224 lr=0.00000 m=0.99998
  [ep 47 step 79950] loss=4.6797 feat_std=0.0221 lr=0.00000 m=0.99998
  [ep 47 step 80000] loss=4.7471 feat_std=0.0220 lr=0.00000 m=0.99998
  [ep 47 step 80050] loss=4.7079 feat_std=0.0221 lr=0.00000 m=0.99998
  [ep 47 step 80100] loss=4.6891 feat_std=0.0220 lr=0.00000 m=0.99998
  [ep 47 step 80150] loss=4.7577 feat_std=0.0220 lr=0.00000 m=0.99998
  [ep 47 step 80200] loss=4.6498 feat_std=0.0222 lr=0.00000 m=0.99998
  [ep 47 step 80250] loss=4.6902 feat_std=0.0220 lr=0.00000 m=0.99998
  [ep 47 step 80300] loss=4.6549 feat_std=0.0221 lr=0.00000 m=0.99998
  [ep 47 step 80350] loss=4.7111 feat_std=0.0220 lr=0.00000 m=0.99998
  [ep 48 step 80400] loss=4.6811 feat_std=0.0219 lr=0.00000 m=0.99998
  [ep 48 step 80450] loss=4.6663 feat_std=0.0221 lr=0.00000 m=0.99999
  [ep 48 step 80500] loss=4.6980 feat_std=0.0220 lr=0.00000 m=0.99999
  [ep 48 step 80550] loss=4.7172 feat_std=0.0220 lr=0.00000 m=0.99999
  [ep 48 step 80600] loss=4.7097 feat_std=0.0219 lr=0.00000 m=0.99999
  [ep 48 step 80650] loss=4.6829 feat_std=0.0219 lr=0.00000 m=0.99999
  [ep 48 step 80700] loss=4.6887 feat_std=0.0223 lr=0.00000 m=0.99999
  [ep 48 step 80750] loss=4.6697 feat_std=0.0219 lr=0.00000 m=0.99999
  [ep 48 step 80800] loss=4.6823 feat_std=0.0221 lr=0.00000 m=0.99999
  [ep 48 step 80850] loss=4.7131 feat_std=0.0219 lr=0.00000 m=0.99999
  [ep 48 step 80900] loss=4.6754 feat_std=0.0220 lr=0.00000 m=0.99999
  [ep 48 step 80950] loss=4.6973 feat_std=0.0220 lr=0.00000 m=0.99999
  [ep 48 step 81000] loss=4.7532 feat_std=0.0221 lr=0.00000 m=0.99999
  [ep 48 step 81050] loss=4.7379 feat_std=0.0218 lr=0.00000 m=0.99999
  [ep 48 step 81100] loss=4.7425 feat_std=0.0219 lr=0.00000 m=0.99999
  [ep 48 step 81150] loss=4.7036 feat_std=0.0222 lr=0.00000 m=0.99999
  [ep 48 step 81200] loss=4.7330 feat_std=0.0219 lr=0.00000 m=0.99999
  [ep 48 step 81250] loss=4.7515 feat_std=0.0218 lr=0.00000 m=0.99999
  [ep 48 step 81300] loss=4.6975 feat_std=0.0218 lr=0.00000 m=0.99999
  [ep 48 step 81350] loss=4.6472 feat_std=0.0221 lr=0.00000 m=0.99999
  [ep 48 step 81400] loss=4.7301 feat_std=0.0221 lr=0.00000 m=0.99999
  [ep 48 step 81450] loss=4.6438 feat_std=0.0221 lr=0.00000 m=0.99999
  [ep 48 step 81500] loss=4.6836 feat_std=0.0220 lr=0.00000 m=0.99999
  [ep 48 step 81550] loss=4.6876 feat_std=0.0219 lr=0.00000 m=0.99999
  [ep 48 step 81600] loss=4.6763 feat_std=0.0221 lr=0.00000 m=0.99999
  [ep 48 step 81650] loss=4.6502 feat_std=0.0219 lr=0.00000 m=0.99999
  [ep 48 step 81700] loss=4.7186 feat_std=0.0220 lr=0.00000 m=0.99999
  [ep 48 step 81750] loss=4.6756 feat_std=0.0220 lr=0.00000 m=0.99999
  [ep 48 step 81800] loss=4.6939 feat_std=0.0220 lr=0.00000 m=0.99999
  [ep 48 step 81850] loss=4.7086 feat_std=0.0217 lr=0.00000 m=1.00000
  [ep 48 step 81900] loss=4.6817 feat_std=0.0220 lr=0.00000 m=1.00000
  [ep 48 step 81950] loss=4.7217 feat_std=0.0220 lr=0.00000 m=1.00000
  [ep 48 step 82000] loss=4.6782 feat_std=0.0220 lr=0.00000 m=1.00000
  [ep 49 step 82050] loss=4.6564 feat_std=0.0221 lr=0.00000 m=1.00000
  [ep 49 step 82100] loss=4.7367 feat_std=0.0221 lr=0.00000 m=1.00000
  [ep 49 step 82150] loss=4.6704 feat_std=0.0220 lr=0.00000 m=1.00000
  [ep 49 step 82200] loss=4.7429 feat_std=0.0218 lr=0.00000 m=1.00000
  [ep 49 step 82250] loss=4.6852 feat_std=0.0218 lr=0.00000 m=1.00000
  [ep 49 step 82300] loss=4.6770 feat_std=0.0220 lr=0.00000 m=1.00000
  [ep 49 step 82350] loss=4.6484 feat_std=0.0221 lr=0.00000 m=1.00000
  [ep 49 step 82400] loss=4.6652 feat_std=0.0220 lr=0.00000 m=1.00000
  [ep 49 step 82450] loss=4.6893 feat_std=0.0219 lr=0.00000 m=1.00000
  [ep 49 step 82500] loss=4.7013 feat_std=0.0220 lr=0.00000 m=1.00000
  [ep 49 step 82550] loss=4.7318 feat_std=0.0220 lr=0.00000 m=1.00000
  [ep 49 step 82600] loss=4.6833 feat_std=0.0222 lr=0.00000 m=1.00000
  [ep 49 step 82650] loss=4.6729 feat_std=0.0221 lr=0.00000 m=1.00000
  [ep 49 step 82700] loss=4.6159 feat_std=0.0220 lr=0.00000 m=1.00000
  [ep 49 step 82750] loss=4.7160 feat_std=0.0219 lr=0.00000 m=1.00000
  [ep 49 step 82800] loss=4.7046 feat_std=0.0219 lr=0.00000 m=1.00000
  [ep 49 step 82850] loss=4.7013 feat_std=0.0221 lr=0.00000 m=1.00000
  [ep 49 step 82900] loss=4.7065 feat_std=0.0220 lr=0.00000 m=1.00000
  [ep 49 step 82950] loss=4.6644 feat_std=0.0219 lr=0.00000 m=1.00000
  [ep 49 step 83000] loss=4.6345 feat_std=0.0221 lr=0.00000 m=1.00000
  [ep 49 step 83050] loss=4.7445 feat_std=0.0219 lr=0.00000 m=1.00000
  [ep 49 step 83100] loss=4.7010 feat_std=0.0219 lr=0.00000 m=1.00000
  [ep 49 step 83150] loss=4.7058 feat_std=0.0221 lr=0.00000 m=1.00000
  [ep 49 step 83200] loss=4.7313 feat_std=0.0223 lr=0.00000 m=1.00000
  [ep 49 step 83250] loss=4.6986 feat_std=0.0220 lr=0.00000 m=1.00000
  [ep 49 step 83300] loss=4.6665 feat_std=0.0218 lr=0.00000 m=1.00000
  [ep 49 step 83350] loss=4.7703 feat_std=0.0219 lr=0.00000 m=1.00000
  [ep 49 step 83400] loss=4.6954 feat_std=0.0220 lr=0.00000 m=1.00000
  [ep 49 step 83450] loss=4.7273 feat_std=0.0221 lr=0.00000 m=1.00000
  [ep 49 step 83500] loss=4.6450 feat_std=0.0220 lr=0.00000 m=1.00000
  [ep 49 step 83550] loss=4.6705 feat_std=0.0221 lr=0.00000 m=1.00000
  [ep 49 step 83600] loss=4.6886 feat_std=0.0221 lr=0.00000 m=1.00000
  [ep 49 step 83650] loss=4.7320 feat_std=0.0220 lr=0.00000 m=1.00000

Done. Checkpoint: C:\ssl_out\v4.0\ssl_mocov2_efficientnet_b3_4ch_256_ep50.pt
Manifest: C:\ssl_out\v4.0\manifest.json
Next: run scripts/run_ssl_probe.py to evaluate the §8 gate.
